-- phpMyAdmin SQL Dump
-- version 4.8.1
-- https://www.phpmyadmin.net/
--
-- Host: 127.0.0.1
-- Generation Time: Jul 30, 2018 at 05:28 PM
-- Server version: 10.1.33-MariaDB
-- PHP Version: 7.2.6

SET SQL_MODE = "NO_AUTO_VALUE_ON_ZERO";
SET AUTOCOMMIT = 0;
START TRANSACTION;
SET time_zone = "+00:00";


/*!40101 SET @OLD_CHARACTER_SET_CLIENT=@@CHARACTER_SET_CLIENT */;
/*!40101 SET @OLD_CHARACTER_SET_RESULTS=@@CHARACTER_SET_RESULTS */;
/*!40101 SET @OLD_COLLATION_CONNECTION=@@COLLATION_CONNECTION */;
/*!40101 SET NAMES utf8mb4 */;

--
-- Database: `smartalpha`
--

-- --------------------------------------------------------

--
-- Table structure for table `asset_class`
--

CREATE TABLE `asset_class` (
  `asset_class_id` varchar(10) NOT NULL,
  `asset_class_name` text NOT NULL
) ENGINE=MyISAM DEFAULT CHARSET=latin1;

--
-- Dumping data for table `asset_class`
--

INSERT INTO `asset_class` (`asset_class_id`, `asset_class_name`) VALUES
('CR:', 'Crypto'),
('EQ:', 'Equity'),
('FX:', 'Forex');

-- --------------------------------------------------------

--
-- Table structure for table `instruments`
--

CREATE TABLE `instruments` (
  `symbol` varchar(100) NOT NULL,
  `fullname` text NOT NULL,
  `asset_class` text NOT NULL,
  `market` text NOT NULL
) ENGINE=MyISAM DEFAULT CHARSET=latin1;

--
-- Dumping data for table `instruments`
--

INSERT INTO `instruments` (`symbol`, `fullname`, `asset_class`, `market`) VALUES
('AUDCHF', 'AUDCHF', 'FX:', 'GO>'),
('AUDJPY', 'AUDJPY', 'FX:', 'GO>'),
('AUDNZD', 'AUDNZD', 'FX:', 'GO>'),
('AUDSGD', 'AUDSGD', 'FX:', 'GO>'),
('AUDUSD', 'AUDUSD', 'FX:', 'GO>'),
('BCH', 'Bitcoin Cash (BCHUSD)', 'CR:', 'GO>'),
('BITCOIN', 'Bitcoin (BTCUSD)', 'CR:', 'GO>'),
('CADCHF', 'CADCHF', 'FX:', 'GO>'),
('CADJPY', 'CADJPY', 'FX:', 'GO>'),
('CARDANO', 'Cardano (ADAUSD)', 'CR:', 'GO>'),
('CHFJPY', 'CHFJPY', 'FX:', 'GO>'),
('CHFSGD', 'CHFSGD', 'FX:', 'GO>'),
('DASH', 'Dash (DASHUSD)', 'CR:', 'GO>'),
('EOS', 'EOS (EOSUSD)', 'CR:', 'GO>'),
('ETC', 'Ethereum Classic (ETCUSD)', 'CR:', 'GO>'),
('ETHEREUM', 'Ethereum (ETHUSD)', 'CR:', 'GO>'),
('EURAUD', 'EURAUD', 'FX:', 'GO>'),
('EURCAD', 'EURCAD', 'FX:', 'GO>'),
('EURCHF', 'EURCHF', 'FX:', 'GO>'),
('EURGBP', 'EURGBP', 'FX:', 'GO>'),
('EURJPY', 'EURJPY', 'FX:', 'GO>'),
('EURNOK', 'EURNOK', 'FX:', 'GO>'),
('EURNZD', 'EURNZD', 'FX:', 'GO>'),
('EURSEK', 'EURSEK', 'FX:', 'GO>'),
('EURSGD', 'EURSGD', 'FX:', 'GO>'),
('EURTRY', 'EURTRY', 'FX:', 'GO>'),
('EURUSD', 'EURUSD', 'FX:', 'GO>'),
('EURZAR', 'EURZAR', 'FX:', 'GO>'),
('GBPAUD', 'GBPAUD', 'FX:', 'GO>'),
('GBPCAD', 'GBPCAD', 'FX:', 'GO>'),
('GBPCHF', 'GBPCHF', 'FX:', 'GO>'),
('GBPJPY', 'GBPJPY', 'FX:', 'GO>'),
('GBPNOK', 'GBPNOK', 'FX:', 'GO>'),
('GBPNZD', 'GBPNZD', 'FX:', 'GO>'),
('GBPSEK', 'GBPSEK', 'FX:', 'GO>'),
('GBPSGD', 'GBPSGD', 'FX:', 'GO>'),
('GBPTRY', 'GBPTRY', 'FX:', 'GO>'),
('GBPUSD', 'GBPUSD', 'FX:', 'GO>'),
('GLD', 'GLD Gold ETF', 'EQ:', 'US>'),
('ICON', 'Icon (ICXUSD)', 'CR:', 'GO>'),
('INDEXASX:XJO', 'S&P/ASX 200', 'EQ:', 'GO>'),
('INDEXBME:IB', 'IBEX 35', 'EQ:', 'GO>'),
('INDEXBOM:SENSEX', 'BSE SENSEX', 'EQ:', 'GO>'),
('INDEXCBOE:BVZ', 'S&P 500 VIX', 'EQ:', 'GO>'),
('INDEXDB:DAX', 'DAX PERFORMANCE-INDEX', 'EQ:', 'GO>'),
('INDEXDJX:.DJI', 'Dow 30', 'EQ:', 'US>'),
('INDEXDJX:DJSH', 'Dow Jones Shanghai Index', 'EQ:', 'GO>'),
('INDEXDJX:NZDOW', 'Dow Jones New Zealand Index', 'EQ:', 'GO>'),
('INDEXEURO:AEX', 'AEX index', 'EQ:', 'GO>'),
('INDEXEURO:BEL20', 'BEL 20', 'EQ:', 'GO>'),
('INDEXEURO:PX1', 'CAC 40', 'EQ:', 'GO>'),
('INDEXFTSE:FTSEMIB', 'FTSE MIB', 'EQ:', 'GO>'),
('INDEXFTSE:UKX', 'FTSE 100 Index', 'EQ:', 'GO>'),
('INDEXHANGSENG:HSI', 'Hang Seng Index', 'EQ:', 'GO>'),
('INDEXNASDAQ:.IXIC', 'Nasdaq Composite', 'EQ:', 'GO>'),
('INDEXNASDAQ:OMXS30', 'OMX Stockholm 30', 'EQ:', 'GO>'),
('INDEXNIKKEI:NI225', 'Nikkei 225', 'EQ:', 'GO>'),
('INDEXRUSSELL:RUT', 'Russell 2000 Index', 'EQ:', 'GO>'),
('INDEXSTOXX:SX5E', 'Euro Stoxx 50', 'EQ:', 'GO>'),
('INDEXSWX:SMI', 'Swiss Market Index', 'EQ:', 'GO>'),
('INDEXVIE:ATX', 'Austrian Traded Index', 'EQ:', 'GO>'),
('IOTA', 'IOTA (MIOTAUSD)', 'CR:', 'GO>'),
('KRX:KOSPI', 'KOSPI', 'EQ:', 'GO>'),
('LISK', 'Lisk (LSKUSD)', 'CR:', 'GO>'),
('LITECOIN', 'Litecoin (LTCUSD)', 'CR:', 'GO>'),
('MONERO', 'Monero (XMRUSD)', 'CR:', 'GO>'),
('NASDAQ:AABA', 'Altaba Inc', 'EQ:', 'US>'),
('NASDAQ:AAL', 'American Airlines Group Inc', 'EQ:', 'US>'),
('NASDAQ:AAPL', 'Apple Inc.', 'EQ:', 'US>'),
('NASDAQ:ADBE', 'Adobe Systems Inc', 'EQ:', 'US>'),
('NASDAQ:ADI', 'Analog Devices Inc', 'EQ:', 'US>'),
('NASDAQ:ADP', 'Automatic Data Processing', 'EQ:', 'US>'),
('NASDAQ:ADSK', 'Autodesk Inc', 'EQ:', 'US>'),
('NASDAQ:AKAM', 'Akamai Technologies Inc', 'EQ:', 'US>'),
('NASDAQ:ALTR', 'Altera Corp', 'EQ:', 'US>'),
('NASDAQ:ALXN', 'Alexion Pharmaceuticals', 'EQ:', 'US>'),
('NASDAQ:AMAT', 'Applied Materials Inc', 'EQ:', 'US>'),
('NASDAQ:AMCX', 'AMC Networks Inc.', 'EQ:', 'US>'),
('NASDAQ:AMD', 'Advanced Micro Devices', 'EQ:', 'US>'),
('NASDAQ:AMGN', 'Amgen Inc', 'EQ:', 'US>'),
('NASDAQ:AMZN', 'Amazon.com Inc', 'EQ:', 'US>'),
('NASDAQ:APD', 'Air Products & Chemicals Inc', 'EQ:', 'US>'),
('NASDAQ:ATVI', 'Activision Blizzard, Inc.', 'EQ:', 'US>'),
('NASDAQ:BBBY', 'Bed Bath & Beyond', 'EQ:', 'US>'),
('NASDAQ:BIIB', 'BIOGEN IDEC Inc.', 'EQ:', 'US>'),
('NASDAQ:BKNG', 'Booking Holdings Inc', 'EQ:', 'US>'),
('NASDAQ:CAR', 'Avis Budget Group Inc', 'EQ:', 'US>'),
('NASDAQ:CELG', 'Celgene Corp.', 'EQ:', 'US>'),
('NASDAQ:CERN', 'Cerner', 'EQ:', 'US>'),
('NASDAQ:CHRW', 'C. H. Robinson Worldwide', 'EQ:', 'US>'),
('NASDAQ:CINF', 'Cincinnati Financial', 'EQ:', 'US>'),
('NASDAQ:CMCSA', 'Comcast Corp.', 'EQ:', 'US>'),
('NASDAQ:CME', 'CME Group Inc.', 'EQ:', 'US>'),
('NASDAQ:COST', 'Costco Co.', 'EQ:', 'US>'),
('NASDAQ:CSCO', 'Cisco Systems', 'EQ:', 'US>'),
('NASDAQ:CSX', 'CSX Corp.', 'EQ:', 'US>'),
('NASDAQ:CTAS', 'Cintas Corporation', 'EQ:', 'US>'),
('NASDAQ:CTSH', 'Cognizant Technology Solutions', 'EQ:', 'US>'),
('NASDAQ:CTXS', 'Citrix Systems', 'EQ:', 'US>'),
('NASDAQ:DISCA', 'Discovery Communications', 'EQ:', 'US>'),
('NASDAQ:DLTR', 'Dollar Tree', 'EQ:', 'US>'),
('NASDAQ:EA', 'Electronic Arts', 'EQ:', 'US>'),
('NASDAQ:EBAY', 'eBay Inc.', 'EQ:', 'US>'),
('NASDAQ:ESRX', 'Express Scripts', 'EQ:', 'US>'),
('NASDAQ:ETFC', 'E-Trade', 'EQ:', 'US>'),
('NASDAQ:EXPD', 'Expeditors Int\'l', 'EQ:', 'US>'),
('NASDAQ:EXPE', 'Expedia Inc.', 'EQ:', 'US>'),
('NASDAQ:FAST', 'Fastenal Co', 'EQ:', 'US>'),
('NASDAQ:FB', 'Facebook Inc', 'EQ:', 'US>'),
('NASDAQ:FFIV', 'F5 Networks', 'EQ:', 'US>'),
('NASDAQ:FISV', 'Fiserv Inc', 'EQ:', 'US>'),
('NASDAQ:FITB', 'Fifth Third Bancorp', 'EQ:', 'US>'),
('NASDAQ:FLIR', 'FLIR Systems', 'EQ:', 'US>'),
('NASDAQ:FOSL', 'Fossil, Inc.', 'EQ:', 'US>'),
('NASDAQ:FOXA', 'Twenty-First Century Fox Inc Class A', 'EQ:', 'US>'),
('NASDAQ:FSLR', 'First Solar Inc', 'EQ:', 'US>'),
('NASDAQ:FTR', 'Frontier Communications', 'EQ:', 'US>'),
('NASDAQ:GILD', 'Gilead Sciences', 'EQ:', 'US>'),
('NASDAQ:GMLP', 'Golar LNG Partners LP', 'EQ:', 'US>'),
('NASDAQ:GOOG', 'Alphabet Inc Class C', 'EQ:', 'US>'),
('NASDAQ:GT', 'Goodyear Tire & Rubber', 'EQ:', 'US>'),
('NASDAQ:HAS', 'Hasbro Inc.', 'EQ:', 'US>'),
('NASDAQ:HBAN', 'Huntington Bancshares', 'EQ:', 'US>'),
('NASDAQ:INFO', 'IHS Markit Ltd', 'EQ:', 'US>'),
('NASDAQ:INTC', 'Intel Corp.', 'EQ:', 'US>'),
('NASDAQ:INTU', 'Intuit Inc.', 'EQ:', 'US>'),
('NASDAQ:ISRG', 'Intuitive Surgical Inc.', 'EQ:', 'US>'),
('NASDAQ:JD', 'JD.com, Inc.', 'EQ:', 'US>'),
('NASDAQ:KHC', 'Kraft Heinz Co.', 'EQ:', 'US>'),
('NASDAQ:KLAC', 'KLA-Tencor Corp.', 'EQ:', 'US>'),
('NASDAQ:LIFE', 'Life Technologies', 'EQ:', 'US>'),
('NASDAQ:LRCX', 'Lam Research', 'EQ:', 'US>'),
('NASDAQ:MAR', 'Marriott Int\'l.', 'EQ:', 'US>'),
('NASDAQ:MAT', 'Mattel Inc.', 'EQ:', 'US>'),
('NASDAQ:MCHP', 'Microchip Technology', 'EQ:', 'US>'),
('NASDAQ:MDLZ', 'Mondelez International, Inc.', 'EQ:', 'US>'),
('NASDAQ:MNST', 'Monster Beverage', 'EQ:', 'US>'),
('NASDAQ:MSFT', 'Microsoft Corp.', 'EQ:', 'US>'),
('NASDAQ:MU', 'Micron Technology', 'EQ:', 'US>'),
('NASDAQ:MYL', 'Mylan Inc.', 'EQ:', 'US>'),
('NASDAQ:NDAQ', 'NASDAQ OMX Group', 'EQ:', 'US>'),
('NASDAQ:NFLX', 'NetFlix Inc.', 'EQ:', 'US>'),
('NASDAQ:NTAP', 'NetApp', 'EQ:', 'US>'),
('NASDAQ:NTRS', 'Northern Trust Corp.', 'EQ:', 'US>'),
('NASDAQ:NVDA', 'Nvidia Corporation', 'EQ:', 'US>'),
('NASDAQ:NWSA', 'News Corporation', 'EQ:', 'US>'),
('NASDAQ:ORLY', 'O\'Reilly Automotive', 'EQ:', 'US>'),
('NASDAQ:PAYX', 'Paychex Inc.', 'EQ:', 'US>'),
('NASDAQ:PBCT', 'People\'s United Bank', 'EQ:', 'US>'),
('NASDAQ:PCAR', 'PACCAR Inc.', 'EQ:', 'US>'),
('NASDAQ:PDCO', 'Patterson Companies', 'EQ:', 'US>'),
('NASDAQ:PEP', 'PepsiCo Inc.', 'EQ:', 'US>'),
('NASDAQ:PFG', 'Principal Financial Group', 'EQ:', 'US>'),
('NASDAQ:PYPL', 'Paypal Holdings Inc', 'EQ:', 'US>'),
('NASDAQ:QCOM', 'QUALCOMM Inc.', 'EQ:', 'US>'),
('NASDAQ:ROST', 'Ross Stores Inc.', 'EQ:', 'US>'),
('NASDAQ:SBUX', 'Starbucks Corp.', 'EQ:', 'US>'),
('NASDAQ:SHLD', 'Sears Holdings Corporation', 'EQ:', 'US>'),
('NASDAQ:SLM', 'SLM Corporation', 'EQ:', 'US>'),
('NASDAQ:SRCL', 'Stericycle Inc', 'EQ:', 'US>'),
('NASDAQ:STX', 'Seagate Technology', 'EQ:', 'US>'),
('NASDAQ:SYMC', 'Symantec Corp.', 'EQ:', 'US>'),
('NASDAQ:TLT', '20+ Year Treasury Bond ', 'EQ:', 'US>'),
('NASDAQ:TRIP', 'TripAdvisor', 'EQ:', 'US>'),
('NASDAQ:TROW', 'T. Rowe Price Group', 'EQ:', 'US>'),
('NASDAQ:TSLA', 'Tesla Inc', 'EQ:', 'US>'),
('NASDAQ:TXN', 'Texas Instruments', 'EQ:', 'US>'),
('NASDAQ:URBN', 'Urban Outfitters', 'EQ:', 'US>'),
('NASDAQ:VIAB', 'Viacom Inc.', 'EQ:', 'US>'),
('NASDAQ:VRSN', 'Verisign Inc.', 'EQ:', 'US>'),
('NASDAQ:WBA', 'Walgreens Boots Alliance Inc', 'EQ:', 'US>'),
('NASDAQ:WDC', 'Western Digital', 'EQ:', 'US>'),
('NASDAQ:WIN', 'Windstream Corporation', 'EQ:', 'US>'),
('NASDAQ:WYNN', 'Wynn Resorts Ltd', 'EQ:', 'US>'),
('NASDAQ:XEL', 'Xcel Energy Inc', 'EQ:', 'US>'),
('NASDAQ:XLNX', 'Xilinx Inc', 'EQ:', 'US>'),
('NASDAQ:XRAY', 'Dentsply International', 'EQ:', 'US>'),
('NASDAQ:ZION', 'Zions Bancorp', 'EQ:', 'US>'),
('NEM', 'NEM (XEMUSD)', 'CR:', 'GO>'),
('NEO', 'Neo (NEOUSD)', 'CR:', 'GO>'),
('NOKJPY', 'NOKJPY', 'FX:', 'GO>'),
('NSE:NIFTY', 'NIFTY 50', 'EQ:', 'GO>'),
('NYSE:A', 'Agilent Technologies Inc', 'EQ:', 'US>'),
('NYSE:AA', 'Alcoa Inc', 'EQ:', 'US>'),
('NYSE:ABBV', 'AbbVie Inc', 'EQ:', 'US>'),
('NYSE:ABC', 'AmerisourceBergen Corp', 'EQ:', 'US>'),
('NYSE:ABT', 'Abbott Laboratories', 'EQ:', 'US>'),
('NYSE:ACN', 'Accenture', 'EQ:', 'US>'),
('NYSE:ADM', 'Archer-Daniels-Midland Co', 'EQ:', 'US>'),
('NYSE:AEE', 'Ameren Corp', 'EQ:', 'US>'),
('NYSE:AEP', 'American Electric Power', 'EQ:', 'US>'),
('NYSE:AES', 'AES Corp', 'EQ:', 'US>'),
('NYSE:AET', 'Aetna Inc', 'EQ:', 'US>'),
('NYSE:AFL', 'AFLAC Inc', 'EQ:', 'US>'),
('NYSE:AGN', 'Allergan Inc', 'EQ:', 'US>'),
('NYSE:AIG', 'American Intl Group Inc', 'EQ:', 'US>'),
('NYSE:AIV', 'Apartment Investment & Mgmt', 'EQ:', 'US>'),
('NYSE:AIZ', 'Assurant Inc', 'EQ:', 'US>'),
('NYSE:ALL', 'Allstate Corp', 'EQ:', 'US>'),
('NYSE:AMP', 'Ameriprise Financial', 'EQ:', 'US>'),
('NYSE:AN', 'AutoNation Inc', 'EQ:', 'US>'),
('NYSE:ANF', 'Abercrombie & Fitch Company A', 'EQ:', 'US>'),
('NYSE:AON', 'Aon plc', 'EQ:', 'US>'),
('NYSE:APA', 'Apache Corporation', 'EQ:', 'US>'),
('NYSE:APC', 'Anadarko Petroleum Corp', 'EQ:', 'US>'),
('NYSE:APH', 'Amphenol Corp A', 'EQ:', 'US>'),
('NYSE:ATGE', 'DeVry Education Group', 'EQ:', 'US>'),
('NYSE:ATI', 'Allegheny Technologies Inc', 'EQ:', 'US>'),
('NYSE:AVB', 'AvalonBay Communities, Inc.', 'EQ:', 'US>'),
('NYSE:AVP', 'Avon Products', 'EQ:', 'US>'),
('NYSE:AVY', 'Avery Dennison Corp', 'EQ:', 'US>'),
('NYSE:AXP', 'American Express Co', 'EQ:', 'US>'),
('NYSE:AZO', 'AutoZone Inc', 'EQ:', 'US>'),
('NYSE:BA', 'Boeing Company', 'EQ:', 'US>'),
('NYSE:BABA', 'Alibaba Group Holding Ltd', 'EQ:', 'US>'),
('NYSE:BAC', 'Bank of America Corp', 'EQ:', 'US>'),
('NYSE:BAX', 'Baxter International Inc.', 'EQ:', 'US>'),
('NYSE:BB', 'BlackBerry Ltd', 'EQ:', 'US>'),
('NYSE:BBT', 'BB&T Corporation', 'EQ:', 'US>'),
('NYSE:BBY', 'Best Buy Co. Inc.', 'EQ:', 'US>'),
('NYSE:BDX', 'Becton Dickinson', 'EQ:', 'US>'),
('NYSE:BEN', 'Franklin Resources', 'EQ:', 'US>'),
('NYSE:BF.B', 'Brown-Forman Corporation', 'EQ:', 'US>'),
('NYSE:BIG', 'Big Lots Inc.', 'EQ:', 'US>'),
('NYSE:BK', 'The Bank of New York Mellon Corp.', 'EQ:', 'US>'),
('NYSE:BLK', 'BlackRock', 'EQ:', 'US>'),
('NYSE:BLL', 'Ball Corp', 'EQ:', 'US>'),
('NYSE:BMS', 'Bemis Company', 'EQ:', 'US>'),
('NYSE:BMY', 'Bristol-Myers Squibb', 'EQ:', 'US>'),
('NYSE:BRK.B', 'Berkshire Hathaway', 'EQ:', 'US>'),
('NYSE:BSX', 'Boston Scientific', 'EQ:', 'US>'),
('NYSE:BTU', 'Peabody Energy', 'EQ:', 'US>'),
('NYSE:BWA', 'BorgWarner', 'EQ:', 'US>'),
('NYSE:BXP', 'Boston Properties', 'EQ:', 'US>'),
('NYSE:C', 'Citigroup Inc.', 'EQ:', 'US>'),
('NYSE:CA', 'CA, Inc.', 'EQ:', 'US>'),
('NYSE:CAG', 'ConAgra Foods Inc.', 'EQ:', 'US>'),
('NYSE:CAH', 'Cardinal Health Inc.', 'EQ:', 'US>'),
('NYSE:CAT', 'Caterpillar Inc.', 'EQ:', 'US>'),
('NYSE:CB', 'Chubb Corp.', 'EQ:', 'US>'),
('NYSE:CBRE', 'CBRE Group', 'EQ:', 'US>'),
('NYSE:CBS', 'CBS Corp.', 'EQ:', 'US>'),
('NYSE:CCE', 'Coca-Cola Enterprises', 'EQ:', 'US>'),
('NYSE:CCI', 'Crown Castle International Corp.', 'EQ:', 'US>'),
('NYSE:CCL', 'Carnival Corp.', 'EQ:', 'US>'),
('NYSE:CF', 'CF Industries Holdings Inc', 'EQ:', 'US>'),
('NYSE:CFG', 'Citizens Financial Group', 'EQ:', 'US>'),
('NYSE:CHK', 'Chesapeake Energy', 'EQ:', 'US>'),
('NYSE:CI', 'CIGNA Corp.', 'EQ:', 'US>'),
('NYSE:CL', 'Colgate-Palmolive', 'EQ:', 'US>'),
('NYSE:CLF', 'Cliffs Natural Resources', 'EQ:', 'US>'),
('NYSE:CLX', 'Clorox Co.', 'EQ:', 'US>'),
('NYSE:CMA', 'Comerica Inc.', 'EQ:', 'US>'),
('NYSE:CMG', 'Chipotle Mexican Grill', 'EQ:', 'US>'),
('NYSE:CMI', 'Cummins Inc.', 'EQ:', 'US>'),
('NYSE:CMS', 'CMS Energy', 'EQ:', 'US>'),
('NYSE:CNP', 'CenterPoint Energy', 'EQ:', 'US>'),
('NYSE:CNX', 'CONSOL Energy Inc.', 'EQ:', 'US>'),
('NYSE:COF', 'Capital One Financial', 'EQ:', 'US>'),
('NYSE:COG', 'Cabot Oil & Gas', 'EQ:', 'US>'),
('NYSE:COL', 'Rockwell Collins', 'EQ:', 'US>'),
('NYSE:COO', 'The Cooper Companies', 'EQ:', 'US>'),
('NYSE:COP', 'ConocoPhillips', 'EQ:', 'US>'),
('NYSE:COTY', 'Coty Inc', 'EQ:', 'US>'),
('NYSE:CPB', 'Campbell Soup', 'EQ:', 'US>'),
('NYSE:CRM', 'Salesforce.com', 'EQ:', 'US>'),
('NYSE:CTL', 'CenturyLink Inc', 'EQ:', 'US>'),
('NYSE:CVS', 'CVS Caremark Corp.', 'EQ:', 'US>'),
('NYSE:CVX', 'Chevron Corp.', 'EQ:', 'US>'),
('NYSE:CXO', 'Concho Resources', 'EQ:', 'US>'),
('NYSE:D', 'Dominion Resources', 'EQ:', 'US>'),
('NYSE:DAL', 'Delta Air Lines Inc.', 'EQ:', 'US>'),
('NYSE:DE', 'Deere & Co.', 'EQ:', 'US>'),
('NYSE:DF', 'Dean Foods', 'EQ:', 'US>'),
('NYSE:DFS', 'Discover Financial Services', 'EQ:', 'US>'),
('NYSE:DGX', 'Quest Diagnostics', 'EQ:', 'US>'),
('NYSE:DHI', 'D. R. Horton', 'EQ:', 'US>'),
('NYSE:DHR', 'Danaher Corp.', 'EQ:', 'US>'),
('NYSE:DIS', 'Walt Disney Co.', 'EQ:', 'US>'),
('NYSE:DNB', 'Dun & Bradstreet', 'EQ:', 'US>'),
('NYSE:DNR', 'Denbury Resources Inc.', 'EQ:', 'US>'),
('NYSE:DO', 'Diamond Offshore Drilling', 'EQ:', 'US>'),
('NYSE:DOV', 'Dover Corp.', 'EQ:', 'US>'),
('NYSE:DPS', 'Dr Pepper Snapple Group', 'EQ:', 'US>'),
('NYSE:DRI', 'Darden Restaurants', 'EQ:', 'US>'),
('NYSE:DTE', 'DTE Energy Co.', 'EQ:', 'US>'),
('NYSE:DUK', 'Duke Energy', 'EQ:', 'US>'),
('NYSE:DVA', 'DaVita Inc.', 'EQ:', 'US>'),
('NYSE:DVN', 'Devon Energy Corp.', 'EQ:', 'US>'),
('NYSE:DWDP', 'Dow Chemical Company', 'EQ:', 'US>'),
('NYSE:ECL', 'Ecolab Inc.', 'EQ:', 'US>'),
('NYSE:ED', 'Consolidated Edison', 'EQ:', 'US>'),
('NYSE:EFX', 'Equifax Inc.', 'EQ:', 'US>'),
('NYSE:EIX', 'Edison Int\'l', 'EQ:', 'US>'),
('NYSE:EL', 'Estee Lauder Cos.', 'EQ:', 'US>'),
('NYSE:EMN', 'Eastman Chemical', 'EQ:', 'US>'),
('NYSE:EMR', 'Emerson Electric', 'EQ:', 'US>'),
('NYSE:EOG', 'EOG Resources', 'EQ:', 'US>'),
('NYSE:EQR', 'Equity Residential', 'EQ:', 'US>'),
('NYSE:EQT', 'EQT Corporation', 'EQ:', 'US>'),
('NYSE:ES', 'Eversource Energy', 'EQ:', 'US>'),
('NYSE:ESV', 'Ensco plc', 'EQ:', 'US>'),
('NYSE:ETN', 'Eaton Corp.', 'EQ:', 'US>'),
('NYSE:ETR', 'Entergy Corp.', 'EQ:', 'US>'),
('NYSE:EW', 'Edwards Lifesciences', 'EQ:', 'US>'),
('NYSE:EXC', 'Exelon Corp.', 'EQ:', 'US>'),
('NYSE:F', 'Ford Motor', 'EQ:', 'US>'),
('NYSE:FCX', 'Freeport-McMoran Inc.', 'EQ:', 'US>'),
('NYSE:FDX', 'FedEx Corporation', 'EQ:', 'US>'),
('NYSE:FE', 'FirstEnergy Corp', 'EQ:', 'US>'),
('NYSE:FHN', 'First Horizon National', 'EQ:', 'US>'),
('NYSE:FII', 'Federated Investors Inc.', 'EQ:', 'US>'),
('NYSE:FIS', 'Fidelity National Information Services', 'EQ:', 'US>'),
('NYSE:FLR', 'Fluor Corp.', 'EQ:', 'US>'),
('NYSE:FLS', 'Flowserve Corporation', 'EQ:', 'US>'),
('NYSE:FMC', 'FMC Corporation', 'EQ:', 'US>'),
('NYSE:FTI', 'FMC Technologies Inc.', 'EQ:', 'US>'),
('NYSE:GCI', 'Gannett Co.', 'EQ:', 'US>'),
('NYSE:GD', 'General Dynamics', 'EQ:', 'US>'),
('NYSE:GE', 'General Electric', 'EQ:', 'US>'),
('NYSE:GIS', 'General Mills', 'EQ:', 'US>'),
('NYSE:GLW', 'Corning Inc.', 'EQ:', 'US>'),
('NYSE:GM', 'General Motors Company', 'EQ:', 'US>'),
('NYSE:GME', 'GameStop Corp.', 'EQ:', 'US>'),
('NYSE:GNW', 'Genworth Financial Inc.', 'EQ:', 'US>'),
('NYSE:GPC', 'Genuine Parts', 'EQ:', 'US>'),
('NYSE:GPS', 'Gap (The)', 'EQ:', 'US>'),
('NYSE:GS', 'Goldman Sachs Group', 'EQ:', 'US>'),
('NYSE:GWW', 'Grainger (W.W.) Inc.', 'EQ:', 'US>'),
('NYSE:HAL', 'Halliburton Co.', 'EQ:', 'US>'),
('NYSE:HCP', 'HCP Inc.', 'EQ:', 'US>'),
('NYSE:HD', 'Home Depot', 'EQ:', 'US>'),
('NYSE:HES', 'Hess Corporation', 'EQ:', 'US>'),
('NYSE:HIG', 'Hartford Financial Svc.Gp.', 'EQ:', 'US>'),
('NYSE:HOG', 'Harley-Davidson', 'EQ:', 'US>'),
('NYSE:HON', 'Honeywell Int\'l Inc.', 'EQ:', 'US>'),
('NYSE:HP', 'Helmerich & Payne', 'EQ:', 'US>'),
('NYSE:HPE', 'Hewlett Packard Enterprise Co', 'EQ:', 'US>'),
('NYSE:HPQ', 'Hewlett-Packard', 'EQ:', 'US>'),
('NYSE:HRB', 'Block H&R', 'EQ:', 'US>'),
('NYSE:HRL', 'Hormel Foods Corp.', 'EQ:', 'US>'),
('NYSE:HRS', 'Harris Corporation', 'EQ:', 'US>'),
('NYSE:HST', 'Host Hotels & Resorts', 'EQ:', 'US>'),
('NYSE:HSY', 'The Hershey Company', 'EQ:', 'US>'),
('NYSE:HUM', 'Humana Inc.', 'EQ:', 'US>'),
('NYSE:IBM', 'International Bus. Machines', 'EQ:', 'US>'),
('NYSE:ICE', 'IntercontinentalExchange Inc.', 'EQ:', 'US>'),
('NYSE:IFF', 'International Flav/Frag', 'EQ:', 'US>'),
('NYSE:IGT', 'International Game Technology', 'EQ:', 'US>'),
('NYSE:IP', 'International Paper', 'EQ:', 'US>'),
('NYSE:IPG', 'Interpublic Group', 'EQ:', 'US>'),
('NYSE:IR', 'Ingersoll-Rand PLC', 'EQ:', 'US>'),
('NYSE:IRM', 'Iron Mountain Incorporated', 'EQ:', 'US>'),
('NYSE:ITW', 'Illinois Tool Works', 'EQ:', 'US>'),
('NYSE:IVZ', 'Invesco Ltd.', 'EQ:', 'US>'),
('NYSE:JBL', 'Jabil Circuit', 'EQ:', 'US>'),
('NYSE:JCI', 'Johnson Controls', 'EQ:', 'US>'),
('NYSE:JCP', 'Penney (J.C.)', 'EQ:', 'US>'),
('NYSE:JEC', 'Jacobs Engineering Group', 'EQ:', 'US>'),
('NYSE:JNJ', 'Johnson & Johnson', 'EQ:', 'US>'),
('NYSE:JNPR', 'Juniper Networks', 'EQ:', 'US>'),
('NYSE:JPM', 'JPMorgan Chase & Co.', 'EQ:', 'US>'),
('NYSE:JWN', 'Nordstrom', 'EQ:', 'US>'),
('NYSE:K', 'Kellogg Co.', 'EQ:', 'US>'),
('NYSE:KEX', 'Kirby Corporation', 'EQ:', 'US>'),
('NYSE:KEY', 'KeyCorp', 'EQ:', 'US>'),
('NYSE:KIM', 'Kimco Realty', 'EQ:', 'US>'),
('NYSE:KMB', 'Kimberly-Clark', 'EQ:', 'US>'),
('NYSE:KMI', 'Kinder Morgan', 'EQ:', 'US>'),
('NYSE:KMX', 'Carmax Inc', 'EQ:', 'US>'),
('NYSE:KO', 'Coca Cola Co.', 'EQ:', 'US>'),
('NYSE:KR', 'Kroger Co.', 'EQ:', 'US>'),
('NYSE:KSS', 'Kohl\'s Corp.', 'EQ:', 'US>'),
('NYSE:L', 'Loews Corp.', 'EQ:', 'US>'),
('NYSE:LB', 'L Brands, Inc', 'EQ:', 'US>'),
('NYSE:LEG', 'Leggett & Platt', 'EQ:', 'US>'),
('NYSE:LEN', 'Lennar Corp.', 'EQ:', 'US>'),
('NYSE:LH', 'Laboratory Corp. of America Holding', 'EQ:', 'US>'),
('NYSE:LLL', 'L-3 Communications Holdings', 'EQ:', 'US>'),
('NYSE:LLY', 'Lilly (Eli) & Co.', 'EQ:', 'US>'),
('NYSE:LM', 'Legg Mason', 'EQ:', 'US>'),
('NYSE:LMT', 'Lockheed Martin Corp.', 'EQ:', 'US>'),
('NYSE:LNC', 'Lincoln National', 'EQ:', 'US>'),
('NYSE:LOW', 'Lowe\'s Co.', 'EQ:', 'US>'),
('NYSE:LSI', 'LSI Corporation', 'EQ:', 'US>'),
('NYSE:LUK', 'Leucadia National Corp.', 'EQ:', 'US>'),
('NYSE:LUV', 'Southwest Airlines', 'EQ:', 'US>'),
('NYSE:LVS', 'Las Vegas Sands Corp.', 'EQ:', 'US>'),
('NYSE:M', 'Macy\'s Inc.', 'EQ:', 'US>'),
('NYSE:MA', 'Mastercard Inc.', 'EQ:', 'US>'),
('NYSE:MAS', 'Masco Corp.', 'EQ:', 'US>'),
('NYSE:MCD', 'McDonald\'s Corp.', 'EQ:', 'US>'),
('NYSE:MCK', 'McKesson Corp.', 'EQ:', 'US>'),
('NYSE:MCO', 'Moody\'s Corp', 'EQ:', 'US>'),
('NYSE:MDT', 'Medtronic Inc.', 'EQ:', 'US>'),
('NYSE:MET', 'MetLife Inc.', 'EQ:', 'US>'),
('NYSE:MGM', 'MGM Resorts International', 'EQ:', 'US>'),
('NYSE:MKC', 'McCormick & Co.', 'EQ:', 'US>'),
('NYSE:MMC', 'Marsh & McLennan', 'EQ:', 'US>'),
('NYSE:MMM', '3M Co.', 'EQ:', 'US>'),
('NYSE:MO', 'Altria Group Inc', 'EQ:', 'US>'),
('NYSE:MON', 'Monsanto Co.', 'EQ:', 'US>'),
('NYSE:MOS', 'The Mosaic Company', 'EQ:', 'US>'),
('NYSE:MPC', 'Marathon Petroleum', 'EQ:', 'US>'),
('NYSE:MRK', 'Merck & Co.', 'EQ:', 'US>'),
('NYSE:MRO', 'Marathon Oil Corp.', 'EQ:', 'US>'),
('NYSE:MS', 'Morgan Stanley', 'EQ:', 'US>'),
('NYSE:MSI', 'Motorola Solutions Inc.', 'EQ:', 'US>'),
('NYSE:MTB', 'M&T Bank Corp.', 'EQ:', 'US>'),
('NYSE:MUR', 'Murphy Oil', 'EQ:', 'US>'),
('NYSE:NBL', 'Noble Energy Inc', 'EQ:', 'US>'),
('NYSE:NBR', 'Nabors Industries Ltd.', 'EQ:', 'US>'),
('NYSE:NE', 'Noble Corp', 'EQ:', 'US>'),
('NYSE:NEE', 'NextEra Energy Resources', 'EQ:', 'US>'),
('NYSE:NEM', 'Newmont Mining Corp. (Hldg. Co.)', 'EQ:', 'US>'),
('NYSE:NFX', 'Newfield Exploration Co', 'EQ:', 'US>'),
('NYSE:NI', 'NiSource Inc.', 'EQ:', 'US>'),
('NYSE:NKE', 'NIKE Inc.', 'EQ:', 'US>'),
('NYSE:NOC', 'Northrop Grumman Corp.', 'EQ:', 'US>'),
('NYSE:NOV', 'National Oilwell Varco Inc.', 'EQ:', 'US>'),
('NYSE:NRG', 'NRG Energy', 'EQ:', 'US>'),
('NYSE:NSC', 'Norfolk Southern Corp.', 'EQ:', 'US>'),
('NYSE:NUE', 'Nucor Corp.', 'EQ:', 'US>'),
('NYSE:NWL', 'Newell Rubbermaid Co.', 'EQ:', 'US>'),
('NYSE:OI', 'Owens-Illinois Inc', 'EQ:', 'US>'),
('NYSE:OKE', 'ONEOK', 'EQ:', 'US>'),
('NYSE:OMC', 'Omnicom Group', 'EQ:', 'US>'),
('NYSE:ORCL', 'Oracle Corp.', 'EQ:', 'US>'),
('NYSE:OXY', 'Occidental Petroleum', 'EQ:', 'US>'),
('NYSE:PBI', 'Pitney-Bowes', 'EQ:', 'US>'),
('NYSE:PBR', 'Petróleo Brasileiro S.A. - Petrobras', 'EQ:', 'US>'),
('NYSE:PCG', 'PG&E Corp.', 'EQ:', 'US>'),
('NYSE:PEG', 'Public Serv. Enterprise Inc.', 'EQ:', 'US>'),
('NYSE:PFE', 'Pfizer Inc.', 'EQ:', 'US>'),
('NYSE:PG', 'Procter & Gamble', 'EQ:', 'US>'),
('NYSE:PGR', 'Progressive Corp.', 'EQ:', 'US>'),
('NYSE:PH', 'Parker-Hannifin', 'EQ:', 'US>'),
('NYSE:PHM', 'Pulte Homes Inc.', 'EQ:', 'US>'),
('NYSE:PKI', 'PerkinElmer', 'EQ:', 'US>'),
('NYSE:PLD', 'ProLogis', 'EQ:', 'US>'),
('NYSE:PM', 'Philip Morris International', 'EQ:', 'US>'),
('NYSE:PNC', 'PNC Financial Services', 'EQ:', 'US>'),
('NYSE:PNW', 'Pinnacle West Capital', 'EQ:', 'US>'),
('NYSE:PPG', 'PPG Industries', 'EQ:', 'US>'),
('NYSE:PPL', 'PPL Corp.', 'EQ:', 'US>'),
('NYSE:PRGO', 'Perrigo', 'EQ:', 'US>'),
('NYSE:PRU', 'Prudential Financial', 'EQ:', 'US>'),
('NYSE:PSA', 'Public Storage', 'EQ:', 'US>'),
('NYSE:PSX', 'Phillips 66', 'EQ:', 'US>'),
('NYSE:PWR', 'Quanta Services Inc.', 'EQ:', 'US>'),
('NYSE:PX', 'Praxair Inc.', 'EQ:', 'US>'),
('NYSE:QEP', 'QEP Resources', 'EQ:', 'US>'),
('NYSE:R', 'Ryder System', 'EQ:', 'US>'),
('NYSE:RDC', 'Rowan Cos.', 'EQ:', 'US>'),
('NYSE:RF', 'Regions Financial Corp.', 'EQ:', 'US>'),
('NYSE:RHI', 'Robert Half International', 'EQ:', 'US>'),
('NYSE:RHT', 'Red Hat Inc.', 'EQ:', 'US>'),
('NYSE:RIG', 'Transocean LTD', 'EQ:', 'US>'),
('NYSE:RL', 'Polo Ralph Lauren Corp.', 'EQ:', 'US>'),
('NYSE:ROK', 'Rockwell Automation Inc.', 'EQ:', 'US>'),
('NYSE:ROP', 'Roper Industries', 'EQ:', 'US>'),
('NYSE:RRC', 'Range Resources Corp.', 'EQ:', 'US>'),
('NYSE:RRD', 'Donnelley (R.R.) & Sons', 'EQ:', 'US>'),
('NYSE:RSG', 'Republic Services Inc', 'EQ:', 'US>'),
('NYSE:RTN', 'Raytheon Co.', 'EQ:', 'US>'),
('NYSE:S', 'Sprint Nextel Corp.', 'EQ:', 'US>'),
('NYSE:SCG', 'SCANA Corp', 'EQ:', 'US>'),
('NYSE:SCHW', 'Charles Schwab', 'EQ:', 'US>'),
('NYSE:SE', 'Spectra Energy Corp.', 'EQ:', 'US>'),
('NYSE:SEE', 'Sealed Air Corp.(New)', 'EQ:', 'US>'),
('NYSE:SHW', 'Sherwin-Williams', 'EQ:', 'US>'),
('NYSE:SJM', 'Smucker (J.M.)', 'EQ:', 'US>'),
('NYSE:SLB', 'Schlumberger Ltd.', 'EQ:', 'US>'),
('NYSE:SNA', 'Snap-On Inc.', 'EQ:', 'US>'),
('NYSE:SNAP', 'Snap Inc', 'EQ:', 'US>'),
('NYSE:SO', 'Southern Co.', 'EQ:', 'US>'),
('NYSE:SPG', 'Simon Property Group Inc', 'EQ:', 'US>'),
('NYSE:SPGI', 'S&P Global Inc', 'EQ:', 'US>'),
('NYSE:SRE', 'Sempra Energy', 'EQ:', 'US>'),
('NYSE:STI', 'SunTrust Banks', 'EQ:', 'US>'),
('NYSE:STT', 'State Street Corp.', 'EQ:', 'US>'),
('NYSE:STZ', 'Constellation Brands', 'EQ:', 'US>'),
('NYSE:SUN', 'Sunoco Inc.', 'EQ:', 'US>'),
('NYSE:SWK', 'Stanley Black & Decker', 'EQ:', 'US>'),
('NYSE:SWN', 'Southwestern Energy', 'EQ:', 'US>'),
('NYSE:SYF', 'Synchrony Financial', 'EQ:', 'US>'),
('NYSE:SYK', 'Stryker Corp.', 'EQ:', 'US>'),
('NYSE:SYY', 'Sysco Corp.', 'EQ:', 'US>'),
('NYSE:T', 'AT&T Inc', 'EQ:', 'US>'),
('NYSE:TAP', 'Molson Coors Brewing Company', 'EQ:', 'US>'),
('NYSE:TDC', 'Teradata Corp.', 'EQ:', 'US>'),
('NYSE:TEL', 'TE Connectivity Ltd.', 'EQ:', 'US>'),
('NYSE:TER', 'Teradyne Inc.', 'EQ:', 'US>'),
('NYSE:TGT', 'Target Corp.', 'EQ:', 'US>'),
('NYSE:THC', 'Tenet Healthcare Corp.', 'EQ:', 'US>'),
('NYSE:TIF', 'Tiffany & Co.', 'EQ:', 'US>'),
('NYSE:TJX', 'TJX Companies Inc.', 'EQ:', 'US>'),
('NYSE:TMK', 'Torchmark Corp.', 'EQ:', 'US>'),
('NYSE:TMO', 'Thermo Fisher Scientific', 'EQ:', 'US>'),
('NYSE:TNK', 'Teekay Tankers Ltd.', 'EQ:', 'US>'),
('NYSE:TPR', 'Tapestry Inc.', 'EQ:', 'US>'),
('NYSE:TRV', 'The Travelers Companies Inc.', 'EQ:', 'US>'),
('NYSE:TSN', 'Tyson Foods', 'EQ:', 'US>'),
('NYSE:TSS', 'Total System Services', 'EQ:', 'US>'),
('NYSE:TWTR', 'Twitter Inc.', 'EQ:', 'US>'),
('NYSE:TWX', 'Time Warner Inc.', 'EQ:', 'US>'),
('NYSE:TXT', 'Textron Inc.', 'EQ:', 'US>'),
('NYSE:UNH', 'United Health Group Inc.', 'EQ:', 'US>'),
('NYSE:UNM', 'Unum Group', 'EQ:', 'US>'),
('NYSE:UNP', 'Union Pacific', 'EQ:', 'US>'),
('NYSE:UPS', 'United Parcel Service', 'EQ:', 'US>'),
('NYSE:USB', 'U.S. Bancorp', 'EQ:', 'US>'),
('NYSE:UTX', 'United Technologies', 'EQ:', 'US>'),
('NYSE:V', 'Visa Inc', 'EQ:', 'US>'),
('NYSE:VAR', 'Varian Medical Systems', 'EQ:', 'US>'),
('NYSE:VFC', 'V.F. Corp.', 'EQ:', 'US>'),
('NYSE:VLO', 'Valero Energy', 'EQ:', 'US>'),
('NYSE:VMC', 'Vulcan Materials', 'EQ:', 'US>'),
('NYSE:VNO', 'Vornado Realty Trust', 'EQ:', 'US>'),
('NYSE:VTR', 'Ventas Inc', 'EQ:', 'US>'),
('NYSE:VZ', 'Verizon Communications', 'EQ:', 'US>'),
('NYSE:WAT', 'Waters Corporation', 'EQ:', 'US>'),
('NYSE:WEC', 'Wisconsin Energy Corporation', 'EQ:', 'US>'),
('NYSE:WFC', 'Wells Fargo & Co', 'EQ:', 'US>'),
('NYSE:WHR', 'Whirlpool Corp.', 'EQ:', 'US>'),
('NYSE:WM', 'Waste Management Inc.', 'EQ:', 'US>'),
('NYSE:WMB', 'Williams Cos.', 'EQ:', 'US>'),
('NYSE:WMT', 'Wal-Mart Stores', 'EQ:', 'US>'),
('NYSE:WPX', 'WPX Energy, Inc.', 'EQ:', 'US>'),
('NYSE:WU', 'Western Union Co', 'EQ:', 'US>'),
('NYSE:WY', 'Weyerhaeuser Corp.', 'EQ:', 'US>'),
('NYSE:WYN', 'Wyndham Worldwide', 'EQ:', 'US>'),
('NYSE:X', 'United States Steel Corp.', 'EQ:', 'US>'),
('NYSE:XL', 'XL Capital', 'EQ:', 'US>'),
('NYSE:XOM', 'Exxon Mobil Corp.', 'EQ:', 'US>'),
('NYSE:XRX', 'Xerox Corp.', 'EQ:', 'US>'),
('NYSE:XYL', 'Xylem Inc.', 'EQ:', 'US>'),
('NYSE:YUM', 'Yum! Brands Inc', 'EQ:', 'US>'),
('NYSE:ZBH', 'Zimmer Biomet Holdings Inc', 'EQ:', 'US>'),
('NYSEARCA:EEM', 'MSCI Emerging Markets Index', 'EQ:', 'GO>'),
('NYSEARCA:EWS', 'MSCI Singapore', 'EQ:', 'GO>'),
('NYSEARCA:EWZ', 'MSCI Brazil Index', 'EQ:', 'GO>'),
('NYSEARCA:IYZ', 'iShares Telecommunications & Services', 'EQ:', 'US>'),
('NYSEARCA:URTH', 'MSCI World', 'EQ:', 'GO>'),
('NYSEARCA:UUP', 'U.S. Dollar Index Bullish Fund (US dollar)', 'EQ:', 'US>'),
('NYSEARCA:VNM', 'VanEck Vectors Vietnam', 'EQ:', 'GO>'),
('NYSEARCA:XLB', 'Materials Select Sector', 'EQ:', 'US>'),
('NYSEARCA:XLE', 'Energy Select Sector', 'EQ:', 'US>'),
('NYSEARCA:XLF', 'Financial Select Sector', 'EQ:', 'US>'),
('NYSEARCA:XLI', 'Industrial Select Sector', 'EQ:', 'US>'),
('NYSEARCA:XLK', 'Technology Select Sector', 'EQ:', 'US>'),
('NYSEARCA:XLP', 'Consumer Staples Select', 'EQ:', 'US>'),
('NYSEARCA:XLRE', 'Real Estate Select Sector', 'EQ:', 'US>'),
('NYSEARCA:XLU', 'Utilities Select Sector', 'EQ:', 'US>'),
('NYSEARCA:XLV', 'Health Care Select Sector', 'EQ:', 'US>'),
('NYSEARCA:XLY', 'Consumer Discretionary Select', 'EQ:', 'US>'),
('NZDCAD', 'NZDCAD', 'FX:', 'GO>'),
('NZDCHF', 'NZDCHF', 'FX:', 'GO>'),
('NZDJPY', 'NZDJPY', 'FX:', 'GO>'),
('NZDUSD', 'NZDUSD', 'FX:', 'GO>'),
('OMISEGO', 'OmiseGo (OMGUSD)', 'CR:', 'GO>'),
('RIPPLE', 'Ripple (XRPUSD)', 'CR:', 'GO>'),
('SEKJPY', 'SEKJPY', 'FX:', 'GO>'),
('SGDJPY', 'SGDJPY', 'FX:', 'GO>'),
('SHA:000001', 'SSE Composite Index', 'EQ:', 'GO>'),
('SPX', 'SPX500 - S&P 500', 'EQ:', 'GO>'),
('STELLAR', 'Stellar (XLMUSD)', 'CR:', 'GO>'),
('TPE:TAIEX', 'Taiwan Cap Weighted Stock Index', 'EQ:', 'GO>'),
('TRON', 'Tron (TRXUSD)', 'CR:', 'GO>'),
('TSE:XIC', 'S&P TSX Capped Cmpst Index', 'EQ:', 'GO>'),
('USDCAD', 'USDCAD', 'FX:', 'GO>'),
('USDCHF', 'USDCHF', 'FX:', 'GO>'),
('USDCNH', 'USDCNH', 'FX:', 'GO>'),
('USDHKD', 'USDHKD', 'FX:', 'GO>'),
('USDJPY', 'USDJPY', 'FX:', 'GO>'),
('USDMXN', 'USDMXN', 'FX:', 'GO>'),
('USDNOK', 'USDNOK', 'FX:', 'GO>'),
('USDRUB', 'USDRUB', 'FX:', 'GO>'),
('USDSEK', 'USDSEK', 'FX:', 'GO>'),
('USDSGD', 'USDSGD', 'FX:', 'GO>'),
('USDTHB', 'USDTHB', 'FX:', 'GO>'),
('USDTRY', 'USDTRY', 'FX:', 'GO>'),
('USDZAR', 'USDZAR', 'FX:', 'GO>'),
('USO', 'USO oil ETF', 'EQ:', 'US>'),
('VECHAIN', 'VeChain (VENUSD)', 'CR:', 'GO>'),
('VERGE', 'Verge (XVGUSD)', 'CR:', 'GO>'),
('ZARJPY', 'ZARJPY', 'FX:', 'GO>');

-- --------------------------------------------------------

--
-- Table structure for table `markets`
--

CREATE TABLE `markets` (
  `market_id` varchar(5) NOT NULL,
  `marke_label` text NOT NULL
) ENGINE=MyISAM DEFAULT CHARSET=latin1;

-- --------------------------------------------------------

--
-- Table structure for table `price_instruments_data`
--

CREATE TABLE `price_instruments_data` (
  `id` int(11) NOT NULL,
  `symbol` varchar(50) NOT NULL,
  `date` date NOT NULL,
  `price_close` double DEFAULT NULL,
  `price_open` double DEFAULT NULL,
  `price_low` double DEFAULT NULL,
  `price_high` double DEFAULT NULL,
  `volume` double DEFAULT NULL,
  `mt_trend_high` double NOT NULL DEFAULT '0',
  `mt_trend_low` double NOT NULL DEFAULT '0',
  `st_trend_high` double NOT NULL DEFAULT '0',
  `st_trend_low` double NOT NULL DEFAULT '0',
  `ma200` double NOT NULL DEFAULT '0',
  `lowest_20d` double NOT NULL DEFAULT '0',
  `highest_20d` double NOT NULL DEFAULT '0',
  `change_1d` double NOT NULL DEFAULT '0',
  `gain_1d` double NOT NULL DEFAULT '0',
  `loss_1d` double NOT NULL DEFAULT '0',
  `avg_gain` double NOT NULL DEFAULT '0',
  `avg_loss` double NOT NULL DEFAULT '0',
  `rs14` double NOT NULL DEFAULT '0',
  `rsi14` double NOT NULL DEFAULT '0',
  `rsi_overbought` double NOT NULL DEFAULT '0',
  `rsi_oversold` double NOT NULL DEFAULT '0',
  `fib_0` double NOT NULL DEFAULT '0',
  `fib_23_6` double NOT NULL DEFAULT '0',
  `fib_38_2` double NOT NULL DEFAULT '0',
  `fib_61_8` double NOT NULL DEFAULT '0',
  `fib_76_4` double NOT NULL DEFAULT '0',
  `fib_100` double NOT NULL DEFAULT '0',
  `is_ta_calc` tinyint(1) NOT NULL DEFAULT '0'
) ENGINE=MyISAM DEFAULT CHARSET=latin1;

-- --------------------------------------------------------

--
-- Table structure for table `symbol_list`
--

CREATE TABLE `symbol_list` (
  `symbol` varchar(50) NOT NULL,
  `tradingview` varchar(100) NOT NULL,
  `investing_com` varchar(100) NOT NULL,
  `r_quantmod` varchar(100) NOT NULL,
  `yahoo_finance` varchar(100) NOT NULL
) ENGINE=MyISAM DEFAULT CHARSET=latin1;

--
-- Dumping data for table `symbol_list`
--

INSERT INTO `symbol_list` (`symbol`, `tradingview`, `investing_com`, `r_quantmod`, `yahoo_finance`) VALUES
('AUDCHF', 'AUDCHF', '', 'AUDCHF=X', 'AUDCHF=X'),
('AUDJPY', 'AUDJPY', '', 'AUDJPY=X', 'AUDJPY=X'),
('AUDNZD', 'AUDNZD', '', 'AUDNZD=X', 'AUDNZD=X'),
('AUDSGD', 'AUDSGD', '', 'AUDSGD=X', 'AUDSGD=X'),
('AUDUSD', 'AUDUSD', '', 'AUDUSD=X', 'AUDUSD=X'),
('BCH', 'BCHUSD', '', 'BCH-USD', 'BCH-USD'),
('BITCOIN', 'BTCUSD', '', 'BTC-USD', 'BTC-USD'),
('CADCHF', 'CADCHF', '', 'CADCHF=X', 'CADCHF=X'),
('CADJPY', 'CADJPY', '', 'CADJPY=X', 'CADJPY=X'),
('CARDANO', 'ADAUSD', '', 'ADA-USD', 'ADA-USD'),
('CHFJPY', 'CHFJPY', '', 'CHFJPY=X', 'CHFJPY=X'),
('CHFSGD', 'CHFSGD', '', 'CHFSGD=X', 'CHFSGD=X'),
('DASH', 'DASHUSD', '', 'DASH-USD', 'DASH-USD'),
('EOS', 'EOSUSD', '', 'EOS-USD', 'EOS-USD'),
('ETC', 'ETCUSD', '', 'ETC-USD', 'ETC-USD'),
('ETHEREUM', 'ETHUSD', '', 'ETH-USD', 'ETH-USD'),
('EURAUD', 'EURAUD', '', 'EURAUD=X', 'EURAUD=X'),
('EURCAD', 'EURCAD', '', 'EURCAD=X', 'EURCAD=X'),
('EURCHF', 'EURCHF', '', 'EURCHF=X', 'EURCHF=X'),
('EURGBP', 'EURGBP', '', 'EURGBP=X', 'EURGBP=X'),
('EURJPY', 'EURJPY', '', 'EURJPY=X', 'EURJPY=X'),
('EURNOK', 'EURNOK', '', 'EURNOK=X', 'EURNOK=X'),
('EURNZD', 'EURNZD', '', 'EURNZD=X', 'EURNZD=X'),
('EURSEK', 'EURSEK', '', 'EURSEK=X', 'EURSEK=X'),
('EURSGD', 'EURSGD', '', 'EURSGD=X', 'EURSGD=X'),
('EURTRY', 'EURTRY', '', 'EURTRY=X', 'EURTRY=X'),
('EURUSD', 'EURUSD', '', 'EURUSD=X', 'EURUSD=X'),
('EURZAR', 'EURZAR', '', 'EURZAR=X', 'EURZAR=X'),
('GBPAUD', 'GBPAUD', '', 'GBPAUD=X', 'GBPAUD=X'),
('GBPCAD', 'GBPCAD', '', 'GBPCAD=X', 'GBPCAD=X'),
('GBPCHF', 'GBPCHF', '', 'GBPCHF=X', 'GBPCHF=X'),
('GBPJPY', 'GBPJPY', '', 'GBPJPY=X', 'GBPJPY=X'),
('GBPNOK', 'GBPNOK', '', 'GBPNOK=X', 'GBPNOK=X'),
('GBPNZD', 'GBPNZD', '', 'GBPNZD=X', 'GBPNZD=X'),
('GBPSEK', 'GBPSEK', '', 'GBPSEK=X', 'GBPSEK=X'),
('GBPSGD', 'GBPSGD', '', 'GBPSGD=X', 'GBPSGD=X'),
('GBPTRY', 'GBPTRY', '', 'GBPTRY=X', 'GBPTRY=X'),
('GBPUSD', 'GBPUSD', '', 'GBPUSD=X', 'GBPUSD=X'),
('GLD', 'AMEX:GLD', '', 'GLD', 'GLD'),
('ICON', 'ICXUSD', '', 'ICX-USD', 'ICX-USD'),
('INDEXASX:XJO', '', '633', '^AXJO', '^AXJO'),
('INDEXBME:IB', '', '174', '^IBEX', '^IBEX'),
('INDEXBOM:SENSEX', 'BSE:SENSEX', '', '^BSESN', '^BSESN'),
('INDEXCBOE:BVZ', 'CBOE:VIX', '', '^VIX', '^VIX'),
('INDEXDB:DAX', 'XETR:DAX', '', '^GDAXI', '^GDAXI'),
('INDEXDJX:.DJI', 'OANDA:US30USD', '', '^DJI', '^DJI'),
('INDEXDJX:DJSH', 'DJ:DJSH', '', '^DJSH', '^DJSH'),
('INDEXDJX:NZDOW', 'DJ:NZDOW', '', '^NZDOW', '^NZDOW'),
('INDEXEURO:AEX', '', '168', '^AEX', '^AEX'),
('INDEXEURO:BEL20', 'EURONEXT:BEL20', '', '^BFX', '^BFX'),
('INDEXEURO:PX1', 'INDEX:CAC', '', '^FCHI', '^FCHI'),
('INDEXFTSE:FTSEMIB', 'MIL:FTSEMIB', '', 'FTSEMIB.MI', 'FTSEMIB.MI'),
('INDEXFTSE:UKX', 'OANDA:UK100GBP', '', '^FTSE', '^FTSE'),
('INDEXHANGSENG:HSI', '', '179', '^HSI', '^HSI'),
('INDEXNASDAQ:.IXIC', 'INDEX:NASX', '', '^IXIC', '^IXIC'),
('INDEXNASDAQ:OMXS30', '', '8892', '^OMX', '^OMX'),
('INDEXNIKKEI:NI225', 'INDEX:NKY', '', '^N225', '^N225'),
('INDEXRUSSELL:RUT', '', '8864', '^RUT', '^RUT'),
('INDEXSTOXX:SX5E', 'INDEX:MPY0', '', '^STOXX50E', '^STOXX50E'),
('INDEXSWX:SMI', '', '176', '^SSMI', '^SSMI'),
('INDEXVIE:ATX', '', '1016254', '^ATX', '^ATX'),
('IOTA', 'MIOTAUSD', '', 'IOT-USD', 'IOT-USD'),
('KRX:KOSPI', 'INDEX:KQY0', '', '^KS11', '^KS11'),
('LISK', 'LSKUSD', '', 'LSK-USD', 'LSK-USD'),
('LITECOIN', 'LTCUSD', '', 'LTC-USD', 'LTC-USD'),
('MONERO', 'XMRUSD', '', 'XMR-USD', 'XMR-USD'),
('NASDAQ:AABA', 'NASDAQ:AABA', '', 'AABA', 'AABA'),
('NASDAQ:AAL', 'NASDAQ:AAL', '', 'AAL', 'AAL'),
('NASDAQ:AAPL', 'NASDAQ:AAPL', '', 'AAPL', 'AAPL'),
('NASDAQ:ADBE', 'NASDAQ:ADBE', '', 'ADBE', 'ADBE'),
('NASDAQ:ADI', 'NASDAQ:ADI', '', 'ADI', 'ADI'),
('NASDAQ:ADP', 'NASDAQ:ADP', '', 'ADP', 'ADP'),
('NASDAQ:ADSK', 'NASDAQ:ADSK', '', 'ADSK', 'ADSK'),
('NASDAQ:AKAM', 'NASDAQ:AKAM', '', 'AKAM', 'AKAM'),
('NASDAQ:ALTR', 'NASDAQ:ALTR', '', 'ALTR', 'ALTR'),
('NASDAQ:ALXN', 'NASDAQ:ALXN', '', 'ALXN', 'ALXN'),
('NASDAQ:AMAT', 'NASDAQ:AMAT', '', 'AMAT', 'AMAT'),
('NASDAQ:AMCX', 'NASDAQ:AMCX', '', 'AMCX', 'AMCX'),
('NASDAQ:AMD', 'NASDAQ:AMD', '', 'AMD', 'AMD'),
('NASDAQ:AMGN', 'NASDAQ:AMGN', '', 'AMGN', 'AMGN'),
('NASDAQ:AMZN', 'NASDAQ:AMZN', '', 'AMZN', 'AMZN'),
('NASDAQ:APD', 'NASDAQ:APD', '', 'APD', 'APD'),
('NASDAQ:ATVI', 'NASDAQ:ATVI', '', 'ATVI', 'ATVI'),
('NASDAQ:BBBY', 'NASDAQ:BBBY', '', 'BBBY', 'BBBY'),
('NASDAQ:BIIB', 'NASDAQ:BIIB', '', 'BIIB', 'BIIB'),
('NASDAQ:BKNG', 'NASDAQ:BKNG', '', 'BKNG', 'BKNG'),
('NASDAQ:CAR', 'NASDAQ:CAR', '', 'CAR', 'CAR'),
('NASDAQ:CELG', 'NASDAQ:CELG', '', 'CELG', 'CELG'),
('NASDAQ:CERN', 'NASDAQ:CERN', '', 'CERN', 'CERN'),
('NASDAQ:CHRW', 'NASDAQ:CHRW', '', 'CHRW', 'CHRW'),
('NASDAQ:CINF', 'NASDAQ:CINF', '', 'CINF', 'CINF'),
('NASDAQ:CMCSA', 'NASDAQ:CMCSA', '', 'CMCSA', 'CMCSA'),
('NASDAQ:CME', 'NASDAQ:CME', '', 'CME', 'CME'),
('NASDAQ:COST', 'NASDAQ:COST', '', 'COST', 'COST'),
('NASDAQ:CSCO', 'NASDAQ:CSCO', '', 'CSCO', 'CSCO'),
('NASDAQ:CSX', 'NASDAQ:CSX', '', 'CSX', 'CSX'),
('NASDAQ:CTAS', 'NASDAQ:CTAS', '', 'CTAS', 'CTAS'),
('NASDAQ:CTSH', 'NASDAQ:CTSH', '', 'CTSH', 'CTSH'),
('NASDAQ:CTXS', 'NASDAQ:CTXS', '', 'CTXS', 'CTXS'),
('NASDAQ:DISCA', 'NASDAQ:DISCA', '', 'DISCA', 'DISCA'),
('NASDAQ:DLTR', 'NASDAQ:DLTR', '', 'DLTR', 'DLTR'),
('NASDAQ:EA', 'NASDAQ:EA', '', 'EA', 'EA'),
('NASDAQ:EBAY', 'NASDAQ:EBAY', '', 'EBAY', 'EBAY'),
('NASDAQ:ESRX', 'NASDAQ:ESRX', '', 'ESRX', 'ESRX'),
('NASDAQ:ETFC', 'NASDAQ:ETFC', '', 'ETFC', 'ETFC'),
('NASDAQ:EXPD', 'NASDAQ:EXPD', '', 'EXPD', 'EXPD'),
('NASDAQ:EXPE', 'NASDAQ:EXPE', '', 'EXPE', 'EXPE'),
('NASDAQ:FAST', 'NASDAQ:FAST', '', 'FAST', 'FAST'),
('NASDAQ:FB', 'NASDAQ:FB', '', 'FB', 'FB'),
('NASDAQ:FFIV', 'NASDAQ:FFIV', '', 'FFIV', 'FFIV'),
('NASDAQ:FISV', 'NASDAQ:FISV', '', 'FISV', 'FISV'),
('NASDAQ:FITB', 'NASDAQ:FITB', '', 'FITB', 'FITB'),
('NASDAQ:FLIR', 'NASDAQ:FLIR', '', 'FLIR', 'FLIR'),
('NASDAQ:FOSL', 'NASDAQ:FOSL', '', 'FOSL', 'FOSL'),
('NASDAQ:FOXA', 'NASDAQ:FOXA', '', 'FOXA', 'FOXA'),
('NASDAQ:FSLR', 'NASDAQ:FSLR', '', 'FSLR', 'FSLR'),
('NASDAQ:FTR', 'NASDAQ:FTR', '', 'FTR', 'FTR'),
('NASDAQ:GILD', 'NASDAQ:GILD', '', 'GILD', 'GILD'),
('NASDAQ:GMLP', 'NASDAQ:GMLP', '', 'GMLP', 'GMLP'),
('NASDAQ:GOOG', 'NASDAQ:GOOG', '', 'GOOG', 'GOOG'),
('NASDAQ:GT', 'NASDAQ:GT', '', 'GT', 'GT'),
('NASDAQ:HAS', 'NASDAQ:HAS', '', 'HAS', 'HAS'),
('NASDAQ:HBAN', 'NASDAQ:HBAN', '', 'HBAN', 'HBAN'),
('NASDAQ:INFO', 'NASDAQ:INFO', '', 'INFO', 'INFO'),
('NASDAQ:INTC', 'NASDAQ:INTC', '', 'INTC', 'INTC'),
('NASDAQ:INTU', 'NASDAQ:INTU', '', 'INTU', 'INTU'),
('NASDAQ:ISRG', 'NASDAQ:ISRG', '', 'ISRG', 'ISRG'),
('NASDAQ:JD', 'NASDAQ:JD', '', 'JD', 'JD'),
('NASDAQ:KHC', 'NASDAQ:KHC', '', 'KHC', 'KHC'),
('NASDAQ:KLAC', 'NASDAQ:KLAC', '', 'KLAC', 'KLAC'),
('NASDAQ:LIFE', 'NASDAQ:LIFE', '', 'LIFE', 'LIFE'),
('NASDAQ:LRCX', 'NASDAQ:LRCX', '', 'LRCX', 'LRCX'),
('NASDAQ:MAR', 'NASDAQ:MAR', '', 'MAR', 'MAR'),
('NASDAQ:MAT', 'NASDAQ:MAT', '', 'MAT', 'MAT'),
('NASDAQ:MCHP', 'NASDAQ:MCHP', '', 'MCHP', 'MCHP'),
('NASDAQ:MDLZ', 'NASDAQ:MDLZ', '', 'MDLZ', 'MDLZ'),
('NASDAQ:MNST', 'NASDAQ:MNST', '', 'MNST', 'MNST'),
('NASDAQ:MSFT', 'NASDAQ:MSFT', '', 'MSFT', 'MSFT'),
('NASDAQ:MU', 'NASDAQ:MU', '', 'MU', 'MU'),
('NASDAQ:MYL', 'NASDAQ:MYL', '', 'MYL', 'MYL'),
('NASDAQ:NDAQ', 'NASDAQ:NDAQ', '', 'NDAQ', 'NDAQ'),
('NASDAQ:NFLX', 'NASDAQ:NFLX', '', 'NFLX', 'NFLX'),
('NASDAQ:NTAP', 'NASDAQ:NTAP', '', 'NTAP', 'NTAP'),
('NASDAQ:NTRS', 'NASDAQ:NTRS', '', 'NTRS', 'NTRS'),
('NASDAQ:NVDA', 'NASDAQ:NVDA', '', 'NVDA', 'NVDA'),
('NASDAQ:NWSA', 'NASDAQ:NWSA', '', 'NWSA', 'NWSA'),
('NASDAQ:ORLY', 'NASDAQ:ORLY', '', 'ORLY', 'ORLY'),
('NASDAQ:PAYX', 'NASDAQ:PAYX', '', 'PAYX', 'PAYX'),
('NASDAQ:PBCT', 'NASDAQ:PBCT', '', 'PBCT', 'PBCT'),
('NASDAQ:PCAR', 'NASDAQ:PCAR', '', 'PCAR', 'PCAR'),
('NASDAQ:PDCO', 'NASDAQ:PDCO', '', 'PDCO', 'PDCO'),
('NASDAQ:PEP', 'NASDAQ:PEP', '', 'PEP', 'PEP'),
('NASDAQ:PFG', 'NASDAQ:PFG', '', 'PFG', 'PFG'),
('NASDAQ:PYPL', 'NASDAQ:PYPL', '', 'PYPL', 'PYPL'),
('NASDAQ:QCOM', 'NASDAQ:QCOM', '', 'QCOM', 'QCOM'),
('NASDAQ:ROST', 'NASDAQ:ROST', '', 'ROST', 'ROST'),
('NASDAQ:SBUX', 'NASDAQ:SBUX', '', 'SBUX', 'SBUX'),
('NASDAQ:SHLD', 'NASDAQ:SHLD', '', 'SHLD', 'SHLD'),
('NASDAQ:SLM', 'NASDAQ:SLM', '', 'SLM', 'SLM'),
('NASDAQ:SRCL', 'NASDAQ:SRCL', '', 'SRCL', 'SRCL'),
('NASDAQ:STX', 'NASDAQ:STX', '', 'STX', 'STX'),
('NASDAQ:SYMC', 'NASDAQ:SYMC', '', 'SYMC', 'SYMC'),
('NASDAQ:TLT', 'NASDAQ:TLT', '', 'TLT', 'TLT'),
('NASDAQ:TRIP', 'NASDAQ:TRIP', '', 'TRIP', 'TRIP'),
('NASDAQ:TROW', 'NASDAQ:TROW', '', 'TROW', 'TROW'),
('NASDAQ:TSLA', 'NASDAQ:TSLA', '', 'TSLA', 'TSLA'),
('NASDAQ:TXN', 'NASDAQ:TXN', '', 'TXN', 'TXN'),
('NASDAQ:URBN', 'NASDAQ:URBN', '', 'URBN', 'URBN'),
('NASDAQ:VIAB', 'NASDAQ:VIAB', '', 'VIAB', 'VIAB'),
('NASDAQ:VRSN', 'NASDAQ:VRSN', '', 'VRSN', 'VRSN'),
('NASDAQ:WBA', 'NASDAQ:WBA', '', 'WBA', 'WBA'),
('NASDAQ:WDC', 'NASDAQ:WDC', '', 'WDC', 'WDC'),
('NASDAQ:WIN', 'NASDAQ:WIN', '', 'WIN', 'WIN'),
('NASDAQ:WYNN', 'NASDAQ:WYNN', '', 'WYNN', 'WYNN'),
('NASDAQ:XEL', 'NASDAQ:XEL', '', 'XEL', 'XEL'),
('NASDAQ:XLNX', 'NASDAQ:XLNX', '', 'XLNX', 'XLNX'),
('NASDAQ:XRAY', 'NASDAQ:XRAY', '', 'XRAY', 'XRAY'),
('NASDAQ:ZION', 'NASDAQ:ZION', '', 'ZION', 'ZION'),
('NEM', 'XEMUSD', '', 'XEM-USD', 'XEM-USD'),
('NEO', 'NEOUSD', '', 'NEO-USD', 'NEO-USD'),
('NOKJPY', 'NOKJPY', '', 'NOKJPY=X', 'NOKJPY=X'),
('NSE:NIFTY', 'NSE:NIFTY', '', '^NSEI', '^NSEI'),
('NYSE:A', 'NYSE:A', '', 'A', 'A'),
('NYSE:AA', 'NYSE:AA', '', 'AA', 'AA'),
('NYSE:ABBV', 'NYSE:ABBV', '', 'ABBV', 'ABBV'),
('NYSE:ABC', 'NYSE:ABC', '', 'ABC', 'ABC'),
('NYSE:ABT', 'NYSE:ABT', '', 'ABT', 'ABT'),
('NYSE:ACN', 'NYSE:ACN', '', 'ACN', 'ACN'),
('NYSE:ADM', 'NYSE:ADM', '', 'ADM', 'ADM'),
('NYSE:AEE', 'NYSE:AEE', '', 'AEE', 'AEE'),
('NYSE:AEP', 'NYSE:AEP', '', 'AEP', 'AEP'),
('NYSE:AES', 'NYSE:AES', '', 'AES', 'AES'),
('NYSE:AET', 'NYSE:AET', '', 'AET', 'AET'),
('NYSE:AFL', 'NYSE:AFL', '', 'AFL', 'AFL'),
('NYSE:AGN', 'NYSE:AGN', '', 'AGN', 'AGN'),
('NYSE:AIG', 'NYSE:AIG', '', 'AIG', 'AIG'),
('NYSE:AIV', 'NYSE:AIV', '', 'AIV', 'AIV'),
('NYSE:AIZ', 'NYSE:AIZ', '', 'AIZ', 'AIZ'),
('NYSE:ALL', 'NYSE:ALL', '', 'ALL', 'ALL'),
('NYSE:AMP', 'NYSE:AMP', '', 'AMP', 'AMP'),
('NYSE:AN', 'NYSE:AN', '', 'AN', 'AN'),
('NYSE:ANF', 'NYSE:ANF', '', 'ANF', 'ANF'),
('NYSE:AON', 'NYSE:AON', '', 'AON', 'AON'),
('NYSE:APA', 'NYSE:APA', '', 'APA', 'APA'),
('NYSE:APC', 'NYSE:APC', '', 'APC', 'APC'),
('NYSE:APH', 'NYSE:APH', '', 'APH', 'APH'),
('NYSE:ATGE', 'NYSE:ATGE', '', 'ATGE', 'ATGE'),
('NYSE:ATI', 'NYSE:ATI', '', 'ATI', 'ATI'),
('NYSE:AVB', 'NYSE:AVB', '', 'AVB', 'AVB'),
('NYSE:AVP', 'NYSE:AVP', '', 'AVP', 'AVP'),
('NYSE:AVY', 'NYSE:AVY', '', 'AVY', 'AVY'),
('NYSE:AXP', 'NYSE:AXP', '', 'AXP', 'AXP'),
('NYSE:AZO', 'NYSE:AZO', '', 'AZO', 'AZO'),
('NYSE:BA', 'NYSE:BA', '', 'BA', 'BA'),
('NYSE:BABA', 'NYSE:BABA', '', 'BABA', 'BABA'),
('NYSE:BAC', 'NYSE:BAC', '', 'BAC', 'BAC'),
('NYSE:BAX', 'NYSE:BAX', '', 'BAX', 'BAX'),
('NYSE:BB', 'NYSE:BB', '', 'BB', 'BB'),
('NYSE:BBT', 'NYSE:BBT', '', 'BBT', 'BBT'),
('NYSE:BBY', 'NYSE:BBY', '', 'BBY', 'BBY'),
('NYSE:BDX', 'NYSE:BDX', '', 'BDX', 'BDX'),
('NYSE:BEN', 'NYSE:BEN', '', 'BEN', 'BEN'),
('NYSE:BF.B', 'NYSE:BF.B', '', 'BF-B', 'BF-B'),
('NYSE:BIG', 'NYSE:BIG', '', 'BIG', 'BIG'),
('NYSE:BK', 'NYSE:BK', '', 'BK', 'BK'),
('NYSE:BLK', 'NYSE:BLK', '', 'BLK', 'BLK'),
('NYSE:BLL', 'NYSE:BLL', '', 'BLL', 'BLL'),
('NYSE:BMS', 'NYSE:BMS', '', 'BMS', 'BMS'),
('NYSE:BMY', 'NYSE:BMY', '', 'BMY', 'BMY'),
('NYSE:BRK.B', 'NYSE:BRK.B', '', 'BRK-B', 'BRK-B'),
('NYSE:BSX', 'NYSE:BSX', '', 'BSX', 'BSX'),
('NYSE:BTU', 'NYSE:BTU', '', 'BTU', 'BTU'),
('NYSE:BWA', 'NYSE:BWA', '', 'BWA', 'BWA'),
('NYSE:BXP', 'NYSE:BXP', '', 'BXP', 'BXP'),
('NYSE:C', 'NYSE:C', '', 'C', 'C'),
('NYSE:CA', 'NYSE:CA', '', 'CA', 'CA'),
('NYSE:CAG', 'NYSE:CAG', '', 'CAG', 'CAG'),
('NYSE:CAH', 'NYSE:CAH', '', 'CAH', 'CAH'),
('NYSE:CAT', 'NYSE:CAT', '', 'CAT', 'CAT'),
('NYSE:CB', 'NYSE:CB', '', 'CB', 'CB'),
('NYSE:CBRE', 'NYSE:CBRE', '', 'CBRE', 'CBRE'),
('NYSE:CBS', 'NYSE:CBS', '', 'CBS', 'CBS'),
('NYSE:CCE', 'NYSE:CCE', '', 'CCE', 'CCE'),
('NYSE:CCI', 'NYSE:CCI', '', 'CCI', 'CCI'),
('NYSE:CCL', 'NYSE:CCL', '', 'CCL', 'CCL'),
('NYSE:CF', 'NYSE:CF', '', 'CF', 'CF'),
('NYSE:CFG', 'NYSE:CFG', '', 'CFG', 'CFG'),
('NYSE:CHK', 'NYSE:CHK', '', 'CHK', 'CHK'),
('NYSE:CI', 'NYSE:CI', '', 'CI', 'CI'),
('NYSE:CL', 'NYSE:CL', '', 'CL', 'CL'),
('NYSE:CLF', 'NYSE:CLF', '', 'CLF', 'CLF'),
('NYSE:CLX', 'NYSE:CLX', '', 'CLX', 'CLX'),
('NYSE:CMA', 'NYSE:CMA', '', 'CMA', 'CMA'),
('NYSE:CMG', 'NYSE:CMG', '', 'CMG', 'CMG'),
('NYSE:CMI', 'NYSE:CMI', '', 'CMI', 'CMI'),
('NYSE:CMS', 'NYSE:CMS', '', 'CMS', 'CMS'),
('NYSE:CNP', 'NYSE:CNP', '', 'CNP', 'CNP'),
('NYSE:CNX', 'NYSE:CNX', '', 'CNX', 'CNX'),
('NYSE:COF', 'NYSE:COF', '', 'COF', 'COF'),
('NYSE:COG', 'NYSE:COG', '', 'COG', 'COG'),
('NYSE:COL', 'NYSE:COL', '', 'COL', 'COL'),
('NYSE:COO', 'NYSE:COO', '', 'COO', 'COO'),
('NYSE:COP', 'NYSE:COP', '', 'COP', 'COP'),
('NYSE:COTY', 'NYSE:COTY', '', 'COTY', 'COTY'),
('NYSE:CPB', 'NYSE:CPB', '', 'CPB', 'CPB'),
('NYSE:CRM', 'NYSE:CRM', '', 'CRM', 'CRM'),
('NYSE:CTL', 'NYSE:CTL', '', 'CTL', 'CTL'),
('NYSE:CVS', 'NYSE:CVS', '', 'CVS', 'CVS'),
('NYSE:CVX', 'NYSE:CVX', '', 'CVX', 'CVX'),
('NYSE:CXO', 'NYSE:CXO', '', 'CXO', 'CXO'),
('NYSE:D', 'NYSE:D', '', 'D', 'D'),
('NYSE:DAL', 'NYSE:DAL', '', 'DAL', 'DAL'),
('NYSE:DE', 'NYSE:DE', '', 'DE', 'DE'),
('NYSE:DF', 'NYSE:DF', '', 'DF', 'DF'),
('NYSE:DFS', 'NYSE:DFS', '', 'DFS', 'DFS'),
('NYSE:DGX', 'NYSE:DGX', '', 'DGX', 'DGX'),
('NYSE:DHI', 'NYSE:DHI', '', 'DHI', 'DHI'),
('NYSE:DHR', 'NYSE:DHR', '', 'DHR', 'DHR'),
('NYSE:DIS', 'NYSE:DIS', '', 'DIS', 'DIS'),
('NYSE:DNB', 'NYSE:DNB', '', 'DNB', 'DNB'),
('NYSE:DNR', 'NYSE:DNR', '', 'DNR', 'DNR'),
('NYSE:DO', 'NYSE:DO', '', 'DO', 'DO'),
('NYSE:DOV', 'NYSE:DOV', '', 'DOV', 'DOV'),
('NYSE:DPS', 'NYSE:DPS', '', 'DPS', 'DPS'),
('NYSE:DRI', 'NYSE:DRI', '', 'DRI', 'DRI'),
('NYSE:DTE', 'NYSE:DTE', '', 'DTE', 'DTE'),
('NYSE:DUK', 'NYSE:DUK', '', 'DUK', 'DUK'),
('NYSE:DVA', 'NYSE:DVA', '', 'DVA', 'DVA'),
('NYSE:DVN', 'NYSE:DVN', '', 'DVN', 'DVN'),
('NYSE:DWDP', 'NYSE:DWDP', '', 'DWDP', 'DWDP'),
('NYSE:ECL', 'NYSE:ECL', '', 'ECL', 'ECL'),
('NYSE:ED', 'NYSE:ED', '', 'ED', 'ED'),
('NYSE:EFX', 'NYSE:EFX', '', 'EFX', 'EFX'),
('NYSE:EIX', 'NYSE:EIX', '', 'EIX', 'EIX'),
('NYSE:EL', 'NYSE:EL', '', 'EL', 'EL'),
('NYSE:EMN', 'NYSE:EMN', '', 'EMN', 'EMN'),
('NYSE:EMR', 'NYSE:EMR', '', 'EMR', 'EMR'),
('NYSE:EOG', 'NYSE:EOG', '', 'EOG', 'EOG'),
('NYSE:EQR', 'NYSE:EQR', '', 'EQR', 'EQR'),
('NYSE:EQT', 'NYSE:EQT', '', 'EQT', 'EQT'),
('NYSE:ES', 'NYSE:ES', '', 'ES', 'ES'),
('NYSE:ESV', 'NYSE:ESV', '', 'ESV', 'ESV'),
('NYSE:ETN', 'NYSE:ETN', '', 'ETN', 'ETN'),
('NYSE:ETR', 'NYSE:ETR', '', 'ETR', 'ETR'),
('NYSE:EW', 'NYSE:EW', '', 'EW', 'EW'),
('NYSE:EXC', 'NYSE:EXC', '', 'EXC', 'EXC'),
('NYSE:F', 'NYSE:F', '', 'F', 'F'),
('NYSE:FCX', 'NYSE:FCX', '', 'FCX', 'FCX'),
('NYSE:FDX', 'NYSE:FDX', '', 'FDX', 'FDX'),
('NYSE:FE', 'NYSE:FE', '', 'FE', 'FE'),
('NYSE:FHN', 'NYSE:FHN', '', 'FHN', 'FHN'),
('NYSE:FII', 'NYSE:FII', '', 'FII', 'FII'),
('NYSE:FIS', 'NYSE:FIS', '', 'FIS', 'FIS'),
('NYSE:FLR', 'NYSE:FLR', '', 'FLR', 'FLR'),
('NYSE:FLS', 'NYSE:FLS', '', 'FLS', 'FLS'),
('NYSE:FMC', 'NYSE:FMC', '', 'FMC', 'FMC'),
('NYSE:FTI', 'NYSE:FTI', '', 'FTI', 'FTI'),
('NYSE:GCI', 'NYSE:GCI', '', 'GCI', 'GCI'),
('NYSE:GD', 'NYSE:GD', '', 'GD', 'GD'),
('NYSE:GE', 'NYSE:GE', '', 'GE', 'GE'),
('NYSE:GIS', 'NYSE:GIS', '', 'GIS', 'GIS'),
('NYSE:GLW', 'NYSE:GLW', '', 'GLW', 'GLW'),
('NYSE:GM', 'NYSE:GM', '', 'GM', 'GM'),
('NYSE:GME', 'NYSE:GME', '', 'GME', 'GME'),
('NYSE:GNW', 'NYSE:GNW', '', 'GNW', 'GNW'),
('NYSE:GPC', 'NYSE:GPC', '', 'GPC', 'GPC'),
('NYSE:GPS', 'NYSE:GPS', '', 'GPS', 'GPS'),
('NYSE:GS', 'NYSE:GS', '', 'GS', 'GS'),
('NYSE:GWW', 'NYSE:GWW', '', 'GWW', 'GWW'),
('NYSE:HAL', 'NYSE:HAL', '', 'HAL', 'HAL'),
('NYSE:HCP', 'NYSE:HCP', '', 'HCP', 'HCP'),
('NYSE:HD', 'NYSE:HD', '', 'HD', 'HD'),
('NYSE:HES', 'NYSE:HES', '', 'HES', 'HES'),
('NYSE:HIG', 'NYSE:HIG', '', 'HIG', 'HIG'),
('NYSE:HOG', 'NYSE:HOG', '', 'HOG', 'HOG'),
('NYSE:HON', 'NYSE:HON', '', 'HON', 'HON'),
('NYSE:HP', 'NYSE:HP', '', 'HP', 'HP'),
('NYSE:HPE', 'NYSE:HPE', '', 'HPE', 'HPE'),
('NYSE:HPQ', 'NYSE:HPQ', '', 'HPQ', 'HPQ'),
('NYSE:HRB', 'NYSE:HRB', '', 'HRB', 'HRB'),
('NYSE:HRL', 'NYSE:HRL', '', 'HRL', 'HRL'),
('NYSE:HRS', 'NYSE:HRS', '', 'HRS', 'HRS'),
('NYSE:HST', 'NYSE:HST', '', 'HST', 'HST'),
('NYSE:HSY', 'NYSE:HSY', '', 'HSY', 'HSY'),
('NYSE:HUM', 'NYSE:HUM', '', 'HUM', 'HUM'),
('NYSE:IBM', 'NYSE:IBM', '', 'IBM', 'IBM'),
('NYSE:ICE', 'NYSE:ICE', '', 'ICE', 'ICE'),
('NYSE:IFF', 'NYSE:IFF', '', 'IFF', 'IFF'),
('NYSE:IGT', 'NYSE:IGT', '', 'IGT', 'IGT'),
('NYSE:IP', 'NYSE:IP', '', 'IP', 'IP'),
('NYSE:IPG', 'NYSE:IPG', '', 'IPG', 'IPG'),
('NYSE:IR', 'NYSE:IR', '', 'IR', 'IR'),
('NYSE:IRM', 'NYSE:IRM', '', 'IRM', 'IRM'),
('NYSE:ITW', 'NYSE:ITW', '', 'ITW', 'ITW'),
('NYSE:IVZ', 'NYSE:IVZ', '', 'IVZ', 'IVZ'),
('NYSE:JBL', 'NYSE:JBL', '', 'JBL', 'JBL'),
('NYSE:JCI', 'NYSE:JCI', '', 'JCI', 'JCI'),
('NYSE:JCP', 'NYSE:JCP', '', 'JCP', 'JCP'),
('NYSE:JEC', 'NYSE:JEC', '', 'JEC', 'JEC'),
('NYSE:JNJ', 'NYSE:JNJ', '', 'JNJ', 'JNJ'),
('NYSE:JNPR', 'NYSE:JNPR', '', 'JNPR', 'JNPR'),
('NYSE:JPM', 'NYSE:JPM', '', 'JPM', 'JPM'),
('NYSE:JWN', 'NYSE:JWN', '', 'JWN', 'JWN'),
('NYSE:K', 'NYSE:K', '', 'K', 'K'),
('NYSE:KEX', 'NYSE:KEX', '', 'KEX', 'KEX'),
('NYSE:KEY', 'NYSE:KEY', '', 'KEY', 'KEY'),
('NYSE:KIM', 'NYSE:KIM', '', 'KIM', 'KIM'),
('NYSE:KMB', 'NYSE:KMB', '', 'KMB', 'KMB'),
('NYSE:KMI', 'NYSE:KMI', '', 'KMI', 'KMI'),
('NYSE:KMX', 'NYSE:KMX', '', 'KMX', 'KMX'),
('NYSE:KO', 'NYSE:KO', '', 'KO', 'KO'),
('NYSE:KR', 'NYSE:KR', '', 'KR', 'KR'),
('NYSE:KSS', 'NYSE:KSS', '', 'KSS', 'KSS'),
('NYSE:L', 'NYSE:L', '', 'L', 'L'),
('NYSE:LB', 'NYSE:LB', '', 'LB', 'LB'),
('NYSE:LEG', 'NYSE:LEG', '', 'LEG', 'LEG'),
('NYSE:LEN', 'NYSE:LEN', '', 'LEN', 'LEN'),
('NYSE:LH', 'NYSE:LH', '', 'LH', 'LH'),
('NYSE:LLL', 'NYSE:LLL', '', 'LLL', 'LLL'),
('NYSE:LLY', 'NYSE:LLY', '', 'LLY', 'LLY'),
('NYSE:LM', 'NYSE:LM', '', 'LM', 'LM'),
('NYSE:LMT', 'NYSE:LMT', '', 'LMT', 'LMT'),
('NYSE:LNC', 'NYSE:LNC', '', 'LNC', 'LNC'),
('NYSE:LOW', 'NYSE:LOW', '', 'LOW', 'LOW'),
('NYSE:LSI', 'NYSE:LSI', '', 'LSI', 'LSI'),
('NYSE:LUK', 'NYSE:LUK', '', 'LUK', 'LUK'),
('NYSE:LUV', 'NYSE:LUV', '', 'LUV', 'LUV'),
('NYSE:LVS', 'NYSE:LVS', '', 'LVS', 'LVS'),
('NYSE:M', 'NYSE:M', '', 'M', 'M'),
('NYSE:MA', 'NYSE:MA', '', 'MA', 'MA'),
('NYSE:MAS', 'NYSE:MAS', '', 'MAS', 'MAS'),
('NYSE:MCD', 'NYSE:MCD', '', 'MCD', 'MCD'),
('NYSE:MCK', 'NYSE:MCK', '', 'MCK', 'MCK'),
('NYSE:MCO', 'NYSE:MCO', '', 'MCO', 'MCO'),
('NYSE:MDT', 'NYSE:MDT', '', 'MDT', 'MDT'),
('NYSE:MET', 'NYSE:MET', '', 'MET', 'MET'),
('NYSE:MGM', 'NYSE:MGM', '', 'MGM', 'MGM'),
('NYSE:MKC', 'NYSE:MKC', '', 'MKC', 'MKC'),
('NYSE:MMC', 'NYSE:MMC', '', 'MMC', 'MMC'),
('NYSE:MMM', 'NYSE:MMM', '', 'MMM', 'MMM'),
('NYSE:MO', 'NYSE:MO', '', 'MO', 'MO'),
('NYSE:MON', 'NYSE:MON', '', 'MON', 'MON'),
('NYSE:MOS', 'NYSE:MOS', '', 'MOS', 'MOS'),
('NYSE:MPC', 'NYSE:MPC', '', 'MPC', 'MPC'),
('NYSE:MRK', 'NYSE:MRK', '', 'MRK', 'MRK'),
('NYSE:MRO', 'NYSE:MRO', '', 'MRO', 'MRO'),
('NYSE:MS', 'NYSE:MS', '', 'MS', 'MS'),
('NYSE:MSI', 'NYSE:MSI', '', 'MSI', 'MSI'),
('NYSE:MTB', 'NYSE:MTB', '', 'MTB', 'MTB'),
('NYSE:MUR', 'NYSE:MUR', '', 'MUR', 'MUR'),
('NYSE:NBL', 'NYSE:NBL', '', 'NBL', 'NBL'),
('NYSE:NBR', 'NYSE:NBR', '', 'NBR', 'NBR'),
('NYSE:NE', 'NYSE:NE', '', 'NE', 'NE'),
('NYSE:NEE', 'NYSE:NEE', '', 'NEE', 'NEE'),
('NYSE:NEM', 'NYSE:NEM', '', 'NEM', 'NEM'),
('NYSE:NFX', 'NYSE:NFX', '', 'NFX', 'NFX'),
('NYSE:NI', 'NYSE:NI', '', 'NI', 'NI'),
('NYSE:NKE', 'NYSE:NKE', '', 'NKE', 'NKE'),
('NYSE:NOC', 'NYSE:NOC', '', 'NOC', 'NOC'),
('NYSE:NOV', 'NYSE:NOV', '', 'NOV', 'NOV'),
('NYSE:NRG', 'NYSE:NRG', '', 'NRG', 'NRG'),
('NYSE:NSC', 'NYSE:NSC', '', 'NSC', 'NSC'),
('NYSE:NUE', 'NYSE:NUE', '', 'NUE', 'NUE'),
('NYSE:NWL', 'NYSE:NWL', '', 'NWL', 'NWL'),
('NYSE:OI', 'NYSE:OI', '', 'OI', 'OI'),
('NYSE:OKE', 'NYSE:OKE', '', 'OKE', 'OKE'),
('NYSE:OMC', 'NYSE:OMC', '', 'OMC', 'OMC'),
('NYSE:ORCL', 'NYSE:ORCL', '', 'ORCL', 'ORCL'),
('NYSE:OXY', 'NYSE:OXY', '', 'OXY', 'OXY'),
('NYSE:PBI', 'NYSE:PBI', '', 'PBI', 'PBI'),
('NYSE:PBR', 'NYSE:PBR', '', 'PBR', 'PBR'),
('NYSE:PCG', 'NYSE:PCG', '', 'PCG', 'PCG'),
('NYSE:PEG', 'NYSE:PEG', '', 'PEG', 'PEG'),
('NYSE:PFE', 'NYSE:PFE', '', 'PFE', 'PFE'),
('NYSE:PG', 'NYSE:PG', '', 'PG', 'PG'),
('NYSE:PGR', 'NYSE:PGR', '', 'PGR', 'PGR'),
('NYSE:PH', 'NYSE:PH', '', 'PH', 'PH'),
('NYSE:PHM', 'NYSE:PHM', '', 'PHM', 'PHM'),
('NYSE:PKI', 'NYSE:PKI', '', 'PKI', 'PKI'),
('NYSE:PLD', 'NYSE:PLD', '', 'PLD', 'PLD'),
('NYSE:PM', 'NYSE:PM', '', 'PM', 'PM'),
('NYSE:PNC', 'NYSE:PNC', '', 'PNC', 'PNC'),
('NYSE:PNW', 'NYSE:PNW', '', 'PNW', 'PNW'),
('NYSE:PPG', 'NYSE:PPG', '', 'PPG', 'PPG'),
('NYSE:PPL', 'NYSE:PPL', '', 'PPL', 'PPL'),
('NYSE:PRGO', 'NYSE:PRGO', '', 'PRGO', 'PRGO'),
('NYSE:PRU', 'NYSE:PRU', '', 'PRU', 'PRU'),
('NYSE:PSA', 'NYSE:PSA', '', 'PSA', 'PSA'),
('NYSE:PSX', 'NYSE:PSX', '', 'PSX', 'PSX'),
('NYSE:PWR', 'NYSE:PWR', '', 'PWR', 'PWR'),
('NYSE:PX', 'NYSE:PX', '', 'PX', 'PX'),
('NYSE:QEP', 'NYSE:QEP', '', 'QEP', 'QEP'),
('NYSE:R', 'NYSE:R', '', 'R', 'R'),
('NYSE:RDC', 'NYSE:RDC', '', 'RDC', 'RDC'),
('NYSE:RF', 'NYSE:RF', '', 'RF', 'RF'),
('NYSE:RHI', 'NYSE:RHI', '', 'RHI', 'RHI'),
('NYSE:RHT', 'NYSE:RHT', '', 'RHT', 'RHT'),
('NYSE:RIG', 'NYSE:RIG', '', 'RIG', 'RIG'),
('NYSE:RL', 'NYSE:RL', '', 'RL', 'RL'),
('NYSE:ROK', 'NYSE:ROK', '', 'ROK', 'ROK'),
('NYSE:ROP', 'NYSE:ROP', '', 'ROP', 'ROP'),
('NYSE:RRC', 'NYSE:RRC', '', 'RRC', 'RRC'),
('NYSE:RRD', 'NYSE:RRD', '', 'RRD', 'RRD'),
('NYSE:RSG', 'NYSE:RSG', '', 'RSG', 'RSG'),
('NYSE:RTN', 'NYSE:RTN', '', 'RTN', 'RTN'),
('NYSE:S', 'NYSE:S', '', 'S', 'S'),
('NYSE:SCG', 'NYSE:SCG', '', 'SCG', 'SCG'),
('NYSE:SCHW', 'NYSE:SCHW', '', 'SCHW', 'SCHW'),
('NYSE:SE', 'NYSE:SE', '', 'SE', 'SE'),
('NYSE:SEE', 'NYSE:SEE', '', 'SEE', 'SEE'),
('NYSE:SHW', 'NYSE:SHW', '', 'SHW', 'SHW'),
('NYSE:SJM', 'NYSE:SJM', '', 'SJM', 'SJM'),
('NYSE:SLB', 'NYSE:SLB', '', 'SLB', 'SLB'),
('NYSE:SNA', 'NYSE:SNA', '', 'SNA', 'SNA'),
('NYSE:SNAP', 'NYSE:SNAP', '', 'SNAP', 'SNAP'),
('NYSE:SO', 'NYSE:SO', '', 'SO', 'SO'),
('NYSE:SPG', 'NYSE:SPG', '', 'SPG', 'SPG'),
('NYSE:SPGI', 'NYSE:SPGI', '', 'SPGI', 'SPGI'),
('NYSE:SRE', 'NYSE:SRE', '', 'SRE', 'SRE'),
('NYSE:STI', 'NYSE:STI', '', 'STI', 'STI'),
('NYSE:STT', 'NYSE:STT', '', 'STT', 'STT'),
('NYSE:STZ', 'NYSE:STZ', '', 'STZ', 'STZ'),
('NYSE:SUN', 'NYSE:SUN', '', 'SUN', 'SUN'),
('NYSE:SWK', 'NYSE:SWK', '', 'SWK', 'SWK'),
('NYSE:SWN', 'NYSE:SWN', '', 'SWN', 'SWN'),
('NYSE:SYF', 'NYSE:SYF', '', 'SYF', 'SYF'),
('NYSE:SYK', 'NYSE:SYK', '', 'SYK', 'SYK'),
('NYSE:SYY', 'NYSE:SYY', '', 'SYY', 'SYY'),
('NYSE:T', 'NYSE:T', '', 'T', 'T'),
('NYSE:TAP', 'NYSE:TAP', '', 'TAP', 'TAP'),
('NYSE:TDC', 'NYSE:TDC', '', 'TDC', 'TDC'),
('NYSE:TEL', 'NYSE:TEL', '', 'TEL', 'TEL'),
('NYSE:TER', 'NYSE:TER', '', 'TER', 'TER'),
('NYSE:TGT', 'NYSE:TGT', '', 'TGT', 'TGT'),
('NYSE:THC', 'NYSE:THC', '', 'THC', 'THC'),
('NYSE:TIF', 'NYSE:TIF', '', 'TIF', 'TIF'),
('NYSE:TJX', 'NYSE:TJX', '', 'TJX', 'TJX'),
('NYSE:TMK', 'NYSE:TMK', '', 'TMK', 'TMK'),
('NYSE:TMO', 'NYSE:TMO', '', 'TMO', 'TMO'),
('NYSE:TNK', 'NYSE:TNK', '', 'TNK', 'TNK'),
('NYSE:TPR', 'NYSE:TPR', '', 'TPR', 'TPR'),
('NYSE:TRV', 'NYSE:TRV', '', 'TRV', 'TRV'),
('NYSE:TSN', 'NYSE:TSN', '', 'TSN', 'TSN'),
('NYSE:TSS', 'NYSE:TSS', '', 'TSS', 'TSS'),
('NYSE:TWTR', 'NYSE:TWTR', '', 'TWTR', 'TWTR'),
('NYSE:TWX', 'NYSE:TWX', '', 'TWX', 'TWX'),
('NYSE:TXT', 'NYSE:TXT', '', 'TXT', 'TXT'),
('NYSE:UNH', 'NYSE:UNH', '', 'UNH', 'UNH'),
('NYSE:UNM', 'NYSE:UNM', '', 'UNM', 'UNM'),
('NYSE:UNP', 'NYSE:UNP', '', 'UNP', 'UNP'),
('NYSE:UPS', 'NYSE:UPS', '', 'UPS', 'UPS'),
('NYSE:USB', 'NYSE:USB', '', 'USB', 'USB'),
('NYSE:UTX', 'NYSE:UTX', '', 'UTX', 'UTX'),
('NYSE:V', 'NYSE:V', '', 'V', 'V'),
('NYSE:VAR', 'NYSE:VAR', '', 'VAR', 'VAR'),
('NYSE:VFC', 'NYSE:VFC', '', 'VFC', 'VFC'),
('NYSE:VLO', 'NYSE:VLO', '', 'VLO', 'VLO'),
('NYSE:VMC', 'NYSE:VMC', '', 'VMC', 'VMC'),
('NYSE:VNO', 'NYSE:VNO', '', 'VNO', 'VNO'),
('NYSE:VTR', 'NYSE:VTR', '', 'VTR', 'VTR'),
('NYSE:VZ', 'NYSE:VZ', '', 'VZ', 'VZ'),
('NYSE:WAT', 'NYSE:WAT', '', 'WAT', 'WAT'),
('NYSE:WEC', 'NYSE:WEC', '', 'WEC', 'WEC'),
('NYSE:WFC', 'NYSE:WFC', '', 'WFC', 'WFC'),
('NYSE:WHR', 'NYSE:WHR', '', 'WHR', 'WHR'),
('NYSE:WM', 'NYSE:WM', '', 'WM', 'WM'),
('NYSE:WMB', 'NYSE:WMB', '', 'WMB', 'WMB'),
('NYSE:WMT', 'NYSE:WMT', '', 'WMT', 'WMT'),
('NYSE:WPX', 'NYSE:WPX', '', 'WPX', 'WPX'),
('NYSE:WU', 'NYSE:WU', '', 'WU', 'WU'),
('NYSE:WY', 'NYSE:WY', '', 'WY', 'WY'),
('NYSE:WYN', 'NYSE:WYN', '', 'WYN', 'WYN'),
('NYSE:X', 'NYSE:X', '', 'X', 'X'),
('NYSE:XL', 'NYSE:XL', '', 'XL', 'XL'),
('NYSE:XOM', 'NYSE:XOM', '', 'XOM', 'XOM'),
('NYSE:XRX', 'NYSE:XRX', '', 'XRX', 'XRX'),
('NYSE:XYL', 'NYSE:XYL', '', 'XYL', 'XYL'),
('NYSE:YUM', 'NYSE:YUM', '', 'YUM', 'YUM'),
('NYSE:ZBH', 'NYSE:ZBH', '', 'ZBH', 'ZBH'),
('NYSEARCA:EEM', 'AMEX:EEM', '', 'EEM', 'EEM'),
('NYSEARCA:EWS', 'AMEX:EWS', '', 'EWS', 'EWS'),
('NYSEARCA:EWZ', 'AMEX:EWZ', '', 'EWZ', 'EWZ'),
('NYSEARCA:IYZ', 'AMEX:IYZ', '', 'IYZ', 'IYZ'),
('NYSEARCA:URTH', 'AMEX:URTH', '', 'URTH', 'URTH'),
('NYSEARCA:UUP', 'AMEX:UUP', '', 'UUP', 'UUP'),
('NYSEARCA:VNM', 'AMEX:VNM', '', 'VNM', 'VNM'),
('NYSEARCA:XLB', 'AMEX:XLB', '', 'XLB', 'XLB'),
('NYSEARCA:XLE', 'AMEX:XLE', '', 'XLE', 'XLE'),
('NYSEARCA:XLF', 'AMEX:XLF', '', 'XLF', 'XLF'),
('NYSEARCA:XLI', 'AMEX:XLI', '', 'XLI', 'XLI'),
('NYSEARCA:XLK', 'AMEX:XLK', '', 'XLK', 'XLK'),
('NYSEARCA:XLP', 'AMEX:XLP', '', 'XLP', 'XLP'),
('NYSEARCA:XLRE', 'AMEX:XLRE', '', 'XLRE', 'XLRE'),
('NYSEARCA:XLU', 'AMEX:XLU', '', 'XLU', 'XLU'),
('NYSEARCA:XLV', 'AMEX:XLV', '', 'XLV', 'XLV'),
('NYSEARCA:XLY', 'AMEX:XLY', '', 'XLY', 'XLY'),
('NZDCAD', 'NZDCAD', '', 'NZDCAD=X', 'NZDCAD=X'),
('NZDCHF', 'NZDCHF', '', 'NZDCHF=X', 'NZDCHF=X'),
('NZDJPY', 'NZDJPY', '', 'NZDJPY=X', 'NZDJPY=X'),
('NZDUSD', 'NZDUSD', '', 'NZDUSD=X', 'NZDUSD=X'),
('OMISEGO', 'OMGUSD', '', 'OMG-USD', 'OMG-USD'),
('RIPPLE', 'XRPUSD', '', 'XRP-USD', 'XRP-USD'),
('SEKJPY', 'SEKJPY', '', 'SEKJPY=X', 'SEKJPY=X'),
('SGDJPY', 'SGDJPY', '', 'SGDJPY=X', 'SGDJPY=X'),
('SHA:000001', 'TVC:SHCOMP', '', '000001.SS', '000001.SS'),
('SPX', 'SPX500USD', '', '^GSPC', '^GSPC'),
('STELLAR', 'XLMUSD', '', 'XLM-USD', 'XLM-USD'),
('TPE:TAIEX', '', '38017', '^TWII', '^TWII'),
('TRON', 'TRXUSD', '', 'TRX-USD', 'TRX-USD'),
('TSE:XIC', 'INDEX:TSX', '', 'XIC.TO', 'XIC.TO'),
('USDCAD', 'USDCAD', '', 'USDCAD=X', 'USDCAD=X'),
('USDCHF', 'USDCHF', '', 'USDCHF=X', 'USDCHF=X'),
('USDCNH', 'USDCNH', '', 'USDCNH=X', 'USDCNH=X'),
('USDHKD', 'USDHKD', '', 'USDHKD=X', 'USDHKD=X'),
('USDJPY', 'USDJPY', '', 'USDJPY=X', 'USDJPY=X'),
('USDMXN', 'USDMXN', '', 'USDMXN=X', 'USDMXN=X'),
('USDNOK', 'USDNOK', '', 'USDNOK=X', 'USDNOK=X'),
('USDRUB', 'USDRUB', '', 'USDRUB=X', 'USDRUB=X'),
('USDSEK', 'USDSEK', '', 'USDSEK=X', 'USDSEK=X'),
('USDSGD', 'USDSGD', '', 'USDSGD=X', 'USDSGD=X'),
('USDTHB', 'USDTHB', '', 'USDTHB=X', 'USDTHB=X'),
('USDTRY', 'USDTRY', '', 'USDTRY=X', 'USDTRY=X'),
('USDZAR', 'USDZAR', '', 'USDZAR=X', 'USDZAR=X'),
('USO', 'AMEX:USO', '', 'USO', 'USO'),
('VECHAIN', 'VENUSD', '', 'VEN-USD', 'VEN-USD'),
('VERGE', 'XVGUSD', '', 'XVG-USD', 'XVG-USD'),
('ZARJPY', 'ZARJPY', '', 'ZARJPY=X', 'ZARJPY=X');

-- --------------------------------------------------------

--
-- Table structure for table `users`
--

CREATE TABLE `users` (
  `firstname` text NOT NULL,
  `lastname` text NOT NULL,
  `username` varchar(100) NOT NULL,
  `password` text NOT NULL,
  `created_on` timestamp NOT NULL DEFAULT CURRENT_TIMESTAMP,
  `default_profile` text NOT NULL,
  `last_logon` date NOT NULL
) ENGINE=MyISAM DEFAULT CHARSET=latin1;

--
-- Indexes for dumped tables
--

--
-- Indexes for table `asset_class`
--
ALTER TABLE `asset_class`
  ADD PRIMARY KEY (`asset_class_id`),
  ADD UNIQUE KEY `asset_class_id` (`asset_class_id`);

--
-- Indexes for table `instruments`
--
ALTER TABLE `instruments`
  ADD PRIMARY KEY (`symbol`),
  ADD UNIQUE KEY `symbol` (`symbol`);

--
-- Indexes for table `markets`
--
ALTER TABLE `markets`
  ADD PRIMARY KEY (`market_id`),
  ADD UNIQUE KEY `market_id` (`market_id`);

--
-- Indexes for table `price_instruments_data`
--
ALTER TABLE `price_instruments_data`
  ADD PRIMARY KEY (`id`),
  ADD KEY `symbol` (`symbol`),
  ADD KEY `date` (`date`),
  ADD KEY `is_ta_calc` (`is_ta_calc`);

--
-- Indexes for table `symbol_list`
--
ALTER TABLE `symbol_list`
  ADD PRIMARY KEY (`symbol`),
  ADD UNIQUE KEY `symbol` (`symbol`),
  ADD KEY `tradingview` (`tradingview`),
  ADD KEY `investing_com` (`investing_com`),
  ADD KEY `r_quantmod` (`r_quantmod`),
  ADD KEY `yahoo_finance` (`yahoo_finance`);

--
-- Indexes for table `users`
--
ALTER TABLE `users`
  ADD PRIMARY KEY (`username`);

--
-- AUTO_INCREMENT for dumped tables
--

--
-- AUTO_INCREMENT for table `price_instruments_data`
--
ALTER TABLE `price_instruments_data`
  MODIFY `id` int(11) NOT NULL AUTO_INCREMENT;
COMMIT;

/*!40101 SET CHARACTER_SET_CLIENT=@OLD_CHARACTER_SET_CLIENT */;
/*!40101 SET CHARACTER_SET_RESULTS=@OLD_CHARACTER_SET_RESULTS */;
/*!40101 SET COLLATION_CONNECTION=@OLD_COLLATION_CONNECTION */;
